Deal_ID,Restaurant,Area/Lane,Offer / Item,Primary Category,Raw Category,Meal Period,Days / Schedule,Time Window,Price / Discount,Happy Hour,Service Mode,Carryout/Takeout,Delivery,Family/Kids,Source Tier / Type,Source Status,Evidence Status,Promotability Bucket,Needs Verification,Verification Blocker,Next Action,Duplicate Key,Source URL,Notes / Evidence,Origin
master-0001,Brent's Bistro,Wrightsville Ave,weekly_menu_lead,Other Food Special,weekly_menu_lead,Unclassified,,,,No,,Unknown,Unknown,No,tier_1_official for pointer; tier_2_official_social needed for terms,Official source,not_promotable_yet,C_strong_lead_needs_official_source,Yes,official confirmation needed,,brent-s-bistro-weekly-menu-lead,https://brentsbistro.com/,"Official site explicitly says to check Facebook for weekly menus and lists Wilmington address/hours. The Facebook weekly menu link failed to fetch in this environment, so exact menu terms were not captured.",wilmington_blocker_capture_pass5
master-0002,Brent's Bistro,,Coverage / source row,Other Food Special,,Unclassified,,,,No,,Unknown,Unknown,No,,Source URL present,not_promotable_yet,C_strong_lead_needs_official_source,Yes,Source URL present; official confirmation needed,,brent-s-bistro-coverage-source-row,https://brentsbistro.com/,,wilmington_blocker_capture_pass5
master-0003,Cape Fear Seafood Company - Porters Neck / Monkey Junction / Waterford,"Greater Wilmington: Wilmington north, Monkey Junction, Belville/Waterford",12 lunch specials under $15,Lunch Special,lunch_special,Lunch / Dinner,Daily until 4 PM,,under $15,No,dine-in/takeout likely; review per location,Yes,Unknown,No,tier_1_official,Official source,promotion_candidate_after_review,A_promotable_after_review,No,,,cape-fear-seafood-company-porters-neck-monkey-junction-waterford-12-lunch-specials-under-15,https://capefearseafoodcompany.com/lunch/,Item-level specials not visible in captured text; location coverage and exact rows should be confirmed before promotion.,wilmington_greater_area_specials_pass7
master-0004,Circa 1922,,Circa Sliders,Happy Hour Food,happy_hour_food,Unclassified,5-7 PM at the bar,,$10,Yes,,Unknown,Unknown,No,,Source URL present,promotion_candidate_pending_review,A_promotable_after_review,Yes,Source URL present,,circa-1922-circa-sliders,https://static1.squarespace.com/static/68c45e5c5157736767a0e9be/t/68d424829ced873bec34c5f8/1758733442902/Circa+1922+-+Fall+2025+Bar+Menu.pdf,Food-only; human review needed.,wilmington_high_signal_promotability_pass4
master-0005,Circa 1922,Downtown / Front Street,Happy Hour Bites menu,Happy Hour Food,happy_hour_food,Dinner / Happy Hour,Available 5-7 PM; homepage image cue says daily; PDF says 5 to 7 PM at the bar.,,$8-$12 food items,Yes,dine-in; at bar,Unknown,Unknown,No,tier_1_official,Official source,promotion_candidate_pending_review,B_source_backed_needs_capture,Yes,capture/evidence cleanup; screenshot/archive needed,,circa-1922-happy-hour-bites-menu,https://www.circa1922.com/,Needs human review + app screenshot/archive path; screenshot attempt of PDF via tool failed.,wilmington_high_signal_promotability_pass4
master-0006,Circa 1922,,Marinated Olives,Happy Hour Food,happy_hour_food,Unclassified,5-7 PM at the bar,,$8,Yes,,Unknown,Unknown,No,,Source URL present,promotion_candidate_pending_review,A_promotable_after_review,Yes,Source URL present,,circa-1922-marinated-olives,https://static1.squarespace.com/static/68c45e5c5157736767a0e9be/t/68d424829ced873bec34c5f8/1758733442902/Circa+1922+-+Fall+2025+Bar+Menu.pdf,Food-only; human review needed.,wilmington_high_signal_promotability_pass4
master-0007,Circa 1922,,Mushroom Bruschetta,Happy Hour Food,happy_hour_food,Unclassified,5-7 PM at the bar,,$8,Yes,,Unknown,Unknown,No,,Source URL present,promotion_candidate_pending_review,A_promotable_after_review,Yes,Source URL present,,circa-1922-mushroom-bruschetta,https://static1.squarespace.com/static/68c45e5c5157736767a0e9be/t/68d424829ced873bec34c5f8/1758733442902/Circa+1922+-+Fall+2025+Bar+Menu.pdf,Food-only; human review needed.,wilmington_high_signal_promotability_pass4
master-0008,Circa 1922,,Smoked Salmon Dip,Happy Hour Food,happy_hour_food,Unclassified,5-7 PM at the bar,,$10,Yes,,Unknown,Unknown,No,,Source URL present,promotion_candidate_pending_review,A_promotable_after_review,Yes,Source URL present,,circa-1922-smoked-salmon-dip,https://static1.squarespace.com/static/68c45e5c5157736767a0e9be/t/68d424829ced873bec34c5f8/1758733442902/Circa+1922+-+Fall+2025+Bar+Menu.pdf,Food-only; human review needed.,wilmington_high_signal_promotability_pass4
master-0009,Circa 1922,,Steak Pinchos,Happy Hour Food,happy_hour_food,Unclassified,5-7 PM at the bar,,$12,Yes,,Unknown,Unknown,No,,Source URL present,promotion_candidate_pending_review,A_promotable_after_review,Yes,Source URL present,,circa-1922-steak-pinchos,https://static1.squarespace.com/static/68c45e5c5157736767a0e9be/t/68d424829ced873bec34c5f8/1758733442902/Circa+1922+-+Fall+2025+Bar+Menu.pdf,Food-only; human review needed.,wilmington_high_signal_promotability_pass4
master-0010,Circa 1922,,Steamed Mussels,Happy Hour Food,happy_hour_food,Unclassified,5-7 PM at the bar,,$12,Yes,,Unknown,Unknown,No,,Source URL present,promotion_candidate_pending_review,A_promotable_after_review,Yes,Source URL present,,circa-1922-steamed-mussels,https://static1.squarespace.com/static/68c45e5c5157736767a0e9be/t/68d424829ced873bec34c5f8/1758733442902/Circa+1922+-+Fall+2025+Bar+Menu.pdf,Food-only; human review needed.,wilmington_high_signal_promotability_pass4
master-0011,Circa 1922,,Tuna Poke Bombs,Happy Hour Food,happy_hour_food,Unclassified,5-7 PM at the bar,,$10,Yes,,Unknown,Unknown,No,,Source URL present,promotion_candidate_pending_review,A_promotable_after_review,Yes,Source URL present,,circa-1922-tuna-poke-bombs,https://static1.squarespace.com/static/68c45e5c5157736767a0e9be/t/68d424829ced873bec34c5f8/1758733442902/Circa+1922+-+Fall+2025+Bar+Menu.pdf,Food-only; human review needed.,wilmington_high_signal_promotability_pass4
master-0012,Hibachi Bistro,Wilmington,Kids Eat Free,Family / Kids,kids_eat_free,Lunch / Dinner,Sundays 12 PM-9:30 PM,,free kids meal with entree purchase,No,dine-in likely,Unknown,Unknown,Yes,tier_1_official,Official source,source_backed_promotion_candidate_after_review,B_source_backed_needs_capture,Yes,capture/evidence cleanup; screenshot/archive needed,Review restrictions and capture screenshot/source-capture before promotion.,hibachi-bistro-kids-eat-free,https://hibachibistro.com/,"Official site lists Kids Eat Free Sundays 12 PM-9:30 PM, with entrée purchase.",C_Blocker_Exhaustion
master-0013,Hibachi Bistro,Wilmington,Lunch Specials,Lunch Special,lunch_special,Lunch,daily until 3 PM,,starting at $9,No,pickup/delivery/dine-in unclear,Yes,Yes,No,tier_1_official,Official source,source_backed_promotion_candidate_after_review,B_source_backed_needs_capture,Yes,capture/evidence cleanup; screenshot/archive needed,Capture menu details and location-specific screenshot before promotion.,hibachi-bistro-lunch-specials,https://hibachibistro.com/,"Official site lists Lunch Specials, daily until 3 PM starting at $9.",C_Blocker_Exhaustion
master-0014,Hibachi To Go,,Coverage / source row,Other Food Special,,Unclassified,,,,No,,Unknown,Unknown,No,,Secondary lead,market_coverage_no_promotable_offer,C_strong_lead_needs_official_source,Yes,Secondary lead; official confirmation needed,,hibachi-to-go-coverage-source-row,https://www.restaurantji.com/nc/wilmington/hibachi-to-go-/,Official social/order capture only if needed; not a promotion candidate yet.,wilmington_promotable_candidates_pass6_hibachi
master-0015,Hibachi To Go,Midtown / Ogden / Kerr Ave,Daily Lunch Specials,Lunch Special,lunch_special,Lunch,Monday-Saturday; 11 AM-9 PM page context; today item varies,,$8.99,No,dine-in/takeout/drive-thru,Yes,Unknown,No,tier_1_official,Official source,source_backed_promotion_candidate_after_review,A_promotable_after_review,No,,Capture Facebook/today special for exact item before publication.,hibachi-to-go-daily-lunch-specials,https://www.hibachitogo.com/,Official site says Daily Lunch Specials are featured every Monday through Saturday for $8.99 with rotating selections from popular menu items; Facebook has today’s item.,C_Blocker_Exhaustion
master-0016,Junction 421,Monkey Junction / South College Road,weekly_special,Other Food Special,weekly_special,Unclassified,,,,No,,Unknown,Unknown,No,tier_1_official,Official source,promotable_candidate_after_review,A_promotable_after_review,No,,,junction-421-weekly-special,https://junction421.com/dinner-menu/,Official dinner menu exposes a DAILY BLUE PLATE (while it lasts) section with day-specific entrees: Monday Baby Back Ribs $24; Tuesday Seafood in Parchment $25; Wednesday Lasagna $22; Thursday Stuffed Pork Chop $29; Friday Crab Stuffed Salmon $29; Saturday Grouper Oscar $37; Sunday Chicken and Biscuits $20 plus Chicken Parmesan $27.,wilmington_blocker_capture_pass5
master-0017,Junction 421,,Coverage / source row,Other Food Special,,Unclassified,,,,No,,Unknown,Unknown,No,,Source URL present,promotable_candidate_after_review,A_promotable_after_review,Yes,Source URL present,,junction-421-coverage-source-row,https://junction421.com/dinner-menu/,,wilmington_blocker_capture_pass5
master-0018,Junction 421,,"Friday Daily Blue Plate: Crab Stuffed Salmon $29; spinach risotto, panko horseradish crust, tomato butter sauce; while it lasts.",Daily / Weekly Specials,weekly_special,Unclassified,,,,No,,Unknown,Unknown,No,tier_1_official,Official source,promotable_candidate_after_review,B_source_backed_needs_capture,Yes,capture/evidence cleanup; screenshot/archive needed,,junction-421-friday-daily-blue-plate-crab-stuffed-salmon-29-spinach-risotto-panko-horseradish-crust-tomato-butter-sauce-,https://junction421.com/dinner-menu/,"Needs human review, screenshot/artifact hash, freshness fields, and decision whether Blue Plate specials meet deal-value gate.",wilmington_blocker_capture_pass5
master-0019,Junction 421,Monkey Junction / South College,Junction 421 Specials signal only,Daily / Weekly Specials,source_checked_no_deal,Unclassified,,,,No,dine-in / online order,Unknown,Unknown,No,tier_1_official,Official source,blocked_no_exact_promotable_offer,B_source_backed_needs_capture,Yes,capture/evidence cleanup,,junction-421-junction-421-specials-signal-only,https://junction421.com/,No exact deal title/price/time; bar-appetizer PDF was verification-blocked.,wilmington_high_signal_promotability_pass4
master-0020,Junction 421,,"Monday Daily Blue Plate: Baby Back Ribs $24; mac-n-cheese, coleslaw; while it lasts.",BBQ / Ribs,weekly_special,Unclassified,,,,No,,Unknown,Unknown,No,tier_1_official,Official source,promotable_candidate_after_review,B_source_backed_needs_capture,Yes,capture/evidence cleanup; screenshot/archive needed,,junction-421-monday-daily-blue-plate-baby-back-ribs-24-mac-n-cheese-coleslaw-while-it-lasts,https://junction421.com/dinner-menu/,"Needs human review, screenshot/artifact hash, freshness fields, and decision whether Blue Plate specials meet deal-value gate.",wilmington_blocker_capture_pass5
master-0021,Junction 421,,"Saturday Daily Blue Plate: Grouper Oscar $37; crab, asparagus, bearnaise, mashed potatoes; while it lasts.",Daily / Weekly Specials,weekly_special,Unclassified,,,,No,,Unknown,Unknown,No,tier_1_official,Official source,promotable_candidate_after_review,B_source_backed_needs_capture,Yes,capture/evidence cleanup; screenshot/archive needed,,junction-421-saturday-daily-blue-plate-grouper-oscar-37-crab-asparagus-bearnaise-mashed-potatoes-while-it-lasts,https://junction421.com/dinner-menu/,"Needs human review, screenshot/artifact hash, freshness fields, and decision whether Blue Plate specials meet deal-value gate.",wilmington_blocker_capture_pass5
master-0022,Junction 421,,Sunday Daily Blue Plate: Chicken and Biscuits $20 / Chicken Parmesan $27; while it lasts.,Daily / Weekly Specials,weekly_special,Unclassified,,,,No,,Unknown,Unknown,No,tier_1_official,Official source,promotable_candidate_after_review,B_source_backed_needs_capture,Yes,capture/evidence cleanup; screenshot/archive needed,,junction-421-sunday-daily-blue-plate-chicken-and-biscuits-20-chicken-parmesan-27-while-it-lasts,https://junction421.com/dinner-menu/,"Needs human review, screenshot/artifact hash, freshness fields, and decision whether Blue Plate specials meet deal-value gate.",wilmington_blocker_capture_pass5
master-0023,Junction 421,,"Thursday Daily Blue Plate: Stuffed Pork Chop $29; Swiss, mushroom, spinach, marsala sauce, mashed potatoes; while it lasts.",Daily / Weekly Specials,weekly_special,Unclassified,,,,No,,Unknown,Unknown,No,tier_1_official,Official source,promotable_candidate_after_review,B_source_backed_needs_capture,Yes,capture/evidence cleanup; screenshot/archive needed,,junction-421-thursday-daily-blue-plate-stuffed-pork-chop-29-swiss-mushroom-spinach-marsala-sauce-mashed-potatoes-while-i,https://junction421.com/dinner-menu/,"Needs human review, screenshot/artifact hash, freshness fields, and decision whether Blue Plate specials meet deal-value gate.",wilmington_blocker_capture_pass5
master-0024,Junction 421,,"Tuesday Daily Blue Plate: Seafood in Parchment $25; haddock, shrimp, vegetables, rice pilaf; while it lasts.",Seafood / Oysters,weekly_special,Unclassified,,,,No,,Unknown,Unknown,No,tier_1_official,Official source,promotable_candidate_after_review,B_source_backed_needs_capture,Yes,capture/evidence cleanup; screenshot/archive needed,,junction-421-tuesday-daily-blue-plate-seafood-in-parchment-25-haddock-shrimp-vegetables-rice-pilaf-while-it-lasts,https://junction421.com/dinner-menu/,"Needs human review, screenshot/artifact hash, freshness fields, and decision whether Blue Plate specials meet deal-value gate.",wilmington_blocker_capture_pass5
master-0025,Junction 421,,Wednesday Daily Blue Plate: Lasagna $22; five layers; while it lasts.,Daily / Weekly Specials,weekly_special,Unclassified,,,,No,,Unknown,Unknown,No,tier_1_official,Official source,promotable_candidate_after_review,B_source_backed_needs_capture,Yes,capture/evidence cleanup; screenshot/archive needed,,junction-421-wednesday-daily-blue-plate-lasagna-22-five-layers-while-it-lasts,https://junction421.com/dinner-menu/,"Needs human review, screenshot/artifact hash, freshness fields, and decision whether Blue Plate specials meet deal-value gate.",wilmington_blocker_capture_pass5
master-0026,K38 Baja Grill - Carolina Beach,Carolina Beach,Cinco de Monday / Everything $5 food items,Other Food Special,weekly_food_special,Dinner,Monday; food specials start at 5:00pm,,$5 food items,No,dine-in only,Unknown,Unknown,No,tier_1_official,Official source,promotion_candidate_after_review,E_suppressed_or_drink_only,Yes,screenshot/archive needed,,k38-baja-grill-carolina-beach-cinco-de-monday-everything-5-food-items,https://k38bajagrill.com/locations/carolina-beach/,Suppress margarita/drink component; capture screenshot/archive; human review/native readiness required.,wilmington_greater_area_specials_pass7
master-0027,K38 Baja Grill - Carolina Beach,Carolina Beach,Fajita Tuesday special priced fajitas,Mexican / Tacos,weekly_food_special,Dinner,Tuesday; food specials start at 5:00pm,,special priced fajitas,No,dine-in only,Unknown,Unknown,No,tier_1_official,Official source,promotion_candidate_after_review,B_source_backed_needs_capture,Yes,capture/evidence cleanup; screenshot/archive needed,,k38-baja-grill-carolina-beach-fajita-tuesday-special-priced-fajitas,https://k38bajagrill.com/locations/carolina-beach/,Exact fajita price missing; screenshot/archive and reviewer wording needed.,wilmington_greater_area_specials_pass7
master-0028,K38 Baja Grill - Carolina Beach,Carolina Beach,Quesadilla Wednesday half-off De La Casa quesadilla,Mexican / Tacos,weekly_food_special,Dinner,Wednesday; food specials start at 5:00pm,,50% off,No,dine-in only,Unknown,Unknown,No,tier_1_official,Official source,promotion_candidate_after_review,E_suppressed_or_drink_only,Yes,screenshot/archive needed,,k38-baja-grill-carolina-beach-quesadilla-wednesday-half-off-de-la-casa-quesadilla,https://k38bajagrill.com/locations/carolina-beach/,Suppress drink component; screenshot/archive and human review required.,wilmington_greater_area_specials_pass7
master-0029,K38 Baja Grill - Porters Neck,Porters Neck / Wilmington north,Cinco de Monday / Everything $5 food items,Other Food Special,weekly_food_special,Dinner,Monday; food specials start at 5:00pm,,$5 food items,No,dine-in only,Unknown,Unknown,No,tier_1_official,Official source,promotion_candidate_after_review,E_suppressed_or_drink_only,Yes,screenshot/archive needed,,k38-baja-grill-porters-neck-cinco-de-monday-everything-5-food-items,https://k38bajagrill.com/locations/porters-neck/,Suppress margarita/drink component; screenshot/archive and review required.,wilmington_greater_area_specials_pass7
master-0030,K38 Baja Grill - Porters Neck,Porters Neck / Wilmington north,Fajita Tuesday special priced fajitas,Mexican / Tacos,weekly_food_special,Dinner,Tuesday; food specials start at 5:00pm,,special priced fajitas,No,dine-in only,Unknown,Unknown,No,tier_1_official,Official source,promotion_candidate_after_review,E_suppressed_or_drink_only,Yes,screenshot/archive needed,,k38-baja-grill-porters-neck-fajita-tuesday-special-priced-fajitas,https://k38bajagrill.com/locations/porters-neck/,Exact price missing; drink row suppressed; screenshot/archive needed.,wilmington_greater_area_specials_pass7
master-0031,K38 Baja Grill - Porters Neck,Porters Neck / Wilmington north,Quesadilla Wednesday half-off De La Casa quesadilla,Mexican / Tacos,weekly_food_special,Dinner,Wednesday; food specials start at 5:00pm,,50% off,No,dine-in only,Unknown,Unknown,No,tier_1_official,Official source,promotion_candidate_after_review,E_suppressed_or_drink_only,Yes,screenshot/archive needed,,k38-baja-grill-porters-neck-quesadilla-wednesday-half-off-de-la-casa-quesadilla,https://k38bajagrill.com/locations/porters-neck/,Suppress drink row; screenshot/archive and human review required.,wilmington_greater_area_specials_pass7
master-0032,Might As Well Bar & Grill - Wilmington,UNCW / Racine Drive,Friday 99-cent wings,Wings,wing_special,All_Day,Friday July 10 page row; time row oddly 12 AM-2 AM,,$0.99,No,dine-in likely,Unknown,Unknown,No,tier_1_official,Official source,source_backed_time_conflict_review_needed,A_promotable_after_review,No,,Confirm current Friday time window before publication.,might-as-well-bar-grill-wilmington-friday-99-cent-wings,https://wilmington.mightaswellbarandgrill.com/wilmington-might-as-well-bar-and-grill-wilmington-happy-hours-specials,Official specials page lists 99 cent wings and mug specials all day long; time display conflicts with all-day copy.,B_Aggressive_Search
master-0033,Might As Well Bar & Grill - Wilmington,UNCW / Racine Drive,Monday $5 appetizer menu,Other Food Special,weekly_food_special,Lunch,Monday July 6 page row; time listed 12 PM-2 PM with event copy,,$5 appetizer menu,No,dine-in likely,Unknown,Unknown,No,tier_1_official,Official source,source_backed_time_conflict_review_needed,A_promotable_after_review,No,,Review food-only copy and exact time window.,might-as-well-bar-grill-wilmington-monday-5-appetizer-menu,https://wilmington.mightaswellbarandgrill.com/wilmington-might-as-well-bar-and-grill-wilmington-happy-hours-specials,"Official specials page lists Song Bingo, $5 appetizer menu, and Corona buckets in Monday row; time window needs cleanup.",B_Aggressive_Search
master-0034,Might As Well Bar & Grill - Wilmington,UNCW / Racine Drive,Sunday buffet + $5 off large pizzas,Pizza,weekly_food_special,All_Day,Sunday July 5 page row; recurrence needs confirmation,,$15.99 buffet; $5 off large pizza,No,dine-in likely,Unknown,Unknown,No,tier_1_official,Official source,source_backed_time/recurrence_review_needed,A_promotable_after_review,No,,Confirm recurrence/current date and exact Sunday applicability.,might-as-well-bar-grill-wilmington-sunday-buffet-5-off-large-pizzas,https://wilmington.mightaswellbarandgrill.com/wilmington-might-as-well-bar-and-grill-wilmington-happy-hours-specials,Official specials page lists $15.99 Sunday buffet and $5 off large pizzas.,B_Aggressive_Search
master-0035,Might As Well Bar & Grill - Wilmington,UNCW / Racine Drive,Tex-Mex Tuesday $1 cheese quesadilla,Mexican / Tacos,weekly_food_special,All_Day,"Tuesday July 7, 12:00 PM-2:00 AM as listed on official specials page",,$1 cheese quesadilla,No,dine-in,Unknown,Unknown,No,tier_1_official,Official source,promotion_candidate_after_review,A_promotable_after_review,No,,,might-as-well-bar-grill-wilmington-tex-mex-tuesday-1-cheese-quesadilla,https://wilmington.mightaswellbarandgrill.com/wilmington-might-as-well-bar-and-grill-wilmington-happy-hours-specials,Official specials page lists Tex-Mex Tuesday with $3 margaritas and $1 cheese quesadilla.,wilmington_strategic_sweeps_pass9_2026-07-06
master-0036,Might As Well Bar & Grill - Wilmington,UNCW / Racine Drive,Thursday $5.99 cheeseburgers,Burgers,weekly_food_special,All_Day,"Thursday July 9 page row, all day; 12 PM-2 AM row",,$5.99,No,dine-in likely,Unknown,Unknown,No,tier_1_official,Official source,source_backed_promotion_candidate_after_review,E_suppressed_or_drink_only,Yes,screenshot/archive needed,"Human review, screenshot/source capture, freshness fields.",might-as-well-bar-grill-wilmington-thursday-5-99-cheeseburgers,https://wilmington.mightaswellbarandgrill.com/wilmington-might-as-well-bar-and-grill-wilmington-happy-hours-specials,Official specials page lists Thursday Game Night with $5.99 cheese burgers and beer specials; beer copy suppressed.,B_Aggressive_Search
master-0037,Might As Well Bar & Grill - Wilmington,UNCW / Racine Drive,Tuesday $1 cheese quesadilla,Mexican / Tacos,weekly_food_special,All_Day,"Tuesday July 7 page row, 12 PM-2 AM",,$1,No,dine-in likely,Unknown,Unknown,No,tier_1_official,Official source,source_backed_promotion_candidate_after_review,E_suppressed_or_drink_only,Yes,screenshot/archive needed,"Human review, screenshot/source capture, freshness fields.",might-as-well-bar-grill-wilmington-tuesday-1-cheese-quesadilla,https://wilmington.mightaswellbarandgrill.com/wilmington-might-as-well-bar-and-grill-wilmington-happy-hours-specials,Official specials page lists Tex-Mex Tuesday with $1 cheese quesadilla; margaritas suppressed.,B_Aggressive_Search
master-0038,Moe's Original BBQ - Wilmington,Oleander / Wilmington,Double Wide / Triple Wide Family Packs,Family Meals / Packs,family_pack_takeout,Lunch / Dinner,standing menu offer,,not captured,No,to-go or in-house,Yes,Unknown,Yes,tier_1_official,Official source,source_backed_value_offer_needs_deal_value_review,A_promotable_after_review,No,,"Review deal-value gate; if accepted, capture price via Toast/order page.",moe-s-original-bbq-wilmington-double-wide-triple-wide-family-packs,https://www.moesoriginalbbq.com/lo/wilmington/,"Official Wilmington page lists Large Portions to go or in house, Double Wide Family Pack serving 3-4 people and Triple Wide Family Pack serving 5-6 people.",C_Blocker_Exhaustion
master-0039,Okami Japanese Steakhouse,College Road / UNCW,All You Can Eat Sushi,Hibachi / Asian,dinner_special,Dinner,Open daily / source says all-you-can-eat sushi open daily,,,No,dine_in,Unknown,Unknown,No,tier_1_official,Official source,,B_source_backed_needs_capture,Yes,capture/evidence cleanup,,okami-japanese-steakhouse-all-you-can-eat-sushi,https://www.okamisteakhouse.com/,Capture AYCE PDF visually; extract price if present; direct-confirm if missing.,wilmington_promotable_candidates_pass6_hibachi
master-0040,On Thyme Restaurant,Castle Street,happy_hour_food_lead,Happy Hour Food,happy_hour_food_lead,Unclassified,,,,Yes,,Unknown,Unknown,No,tier_4_secondary lead only until official capture,Secondary lead,not_promotable_yet,C_strong_lead_needs_official_source,Yes,Secondary lead; official confirmation needed,,on-thyme-restaurant-happy-hour-food-lead,https://www.oohyougotthyme.com/,"Restaurantji lists the restaurant with address, hours, takeout/delivery options, and a More Info signal of 'happy-hour food'. The official website returned 502 Bad Gateway, and exact official happy-hour terms were not captured.",wilmington_blocker_capture_pass5
master-0041,On Thyme Restaurant,,Coverage / source row,Other Food Special,,Unclassified,,,,No,,Unknown,Unknown,No,,Source URL present,not_promotable_yet,C_strong_lead_needs_official_source,Yes,Source URL present; official confirmation needed,,on-thyme-restaurant-coverage-source-row,https://www.oohyougotthyme.com/,,wilmington_blocker_capture_pass5
master-0042,Port Land Grille,Eastwood / Wrightsville corridor,routine_rotating_menu,Other Food Special,routine_rotating_menu,Unclassified,,,,No,,Unknown,Unknown,No,tier_1_official,Official source,not_promotable_yet,C_strong_lead_needs_official_source,Yes,official confirmation needed,,port-land-grille-routine-rotating-menu,https://www.portlandgrille.com/entrees/,"Official entree page has Chef's Selection rotates daily and fish list changes nightly. This is routine menu rotation/market availability, not a source-backed deal/special under deal-value rules.",wilmington_blocker_capture_pass5
master-0043,Port Land Grille,,Coverage / source row,Other Food Special,,Unclassified,,,,No,,Unknown,Unknown,No,,Source URL present,not_promotable_yet,C_strong_lead_needs_official_source,Yes,Source URL present; official confirmation needed,,port-land-grille-coverage-source-row,https://www.portlandgrille.com/entrees/,,wilmington_blocker_capture_pass5
master-0044,Port Land Grille,Eastwood Road,Chef's Selection rotates daily,Daily / Weekly Specials,regular_menu_rotating_item_not_deal,Dinner,Tues-Sat 5:30 PM until.,,,No,dine-in,Unknown,Unknown,No,tier_1_official,Official source,blocked_no_promotable_offer_found,D_checked_no_offer_found,Yes,,,port-land-grille-chef-s-selection-rotates-daily,https://www.portlandgrille.com/,Deal value gate: rotating menu item without price/discount/special framing.,wilmington_high_signal_promotability_pass4
master-0045,Port Land Grille,,Chef's Selection rotates daily,Daily / Weekly Specials,regular_menu_rotating_item_not_deal,Unclassified,Tues-Sat 5:30 PM until.,,,No,,Unknown,Unknown,No,,Source URL present,blocked_no_promotable_offer_found,D_checked_no_offer_found,Yes,Source URL present,,port-land-grille-chef-s-selection-rotates-daily,https://www.portlandgrille.com/entrees/,Deal value gate: rotating menu item without price/discount/special framing.,wilmington_high_signal_promotability_pass4
master-0046,RUMCOW.,Downtown / Grace Street,happy_hour_food_lead,Happy Hour Food,happy_hour_food_lead,Unclassified,,,,Yes,,Unknown,Unknown,No,tier_1_official,Official source,not_promotable_yet,C_strong_lead_needs_official_source,Yes,official confirmation needed,,rumcow-happy-hour-food-lead,https://rumcowwilmington.com/,"Official site confirms restaurant identity and contact but does not expose menu/special terms in accessible text. Restaurantji marks 'serves happy-hour food' and has an old review mentioning a special, but those are secondary/lead-only signals.",wilmington_blocker_capture_pass5
master-0047,RUMCOW.,,Coverage / source row,Other Food Special,,Unclassified,,,,No,,Unknown,Unknown,No,,Source URL present,not_promotable_yet,C_strong_lead_needs_official_source,Yes,Source URL present; official confirmation needed,,rumcow-coverage-source-row,https://rumcowwilmington.com/,,wilmington_blocker_capture_pass5
master-0048,San Felipe Mexican Restaurant,Leland / Southport greater-area,L-Burro Roqueta lunch,Lunch Special,lunch_special,Lunch,available 11 AM-3 PM,,$10.99,No,dine-in likely,Unknown,Unknown,No,tier_1_official,Official source,source_backed_boundary_scope_review,B_source_backed_needs_capture,Yes,capture/evidence cleanup; screenshot/archive needed,Scope decision for Leland/Southport; screenshot/PDF capture.,san-felipe-mexican-restaurant-l-burro-roqueta-lunch,https://www.sanfelipenc.com/s/25yrs-Feature-Menu-Web.pdf,"Official PDF lists L-Burro Roqueta with chicken/carnitas, cheese, mole, pico, rice or beans, $10.99; available 11 AM-3 PM.",B_Aggressive_Search
master-0049,San Felipe Mexican Restaurant,Leland / Southport greater-area,Special Quesadilla lunch,Lunch Special,lunch_special,Lunch,available 11 AM-3 PM,,$8.99,No,dine-in likely,Unknown,Unknown,No,tier_1_official,Official source,source_backed_boundary_scope_review,B_source_backed_needs_capture,Yes,capture/evidence cleanup; screenshot/archive needed,Scope decision for Leland/Southport; screenshot/PDF capture.,san-felipe-mexican-restaurant-special-quesadilla-lunch,https://www.sanfelipenc.com/s/25yrs-Feature-Menu-Web.pdf,"Official PDF lists Special Quesadilla with shredded chicken, refried beans, melted cheese and crema salad, $8.99; available 11 AM-3 PM.",B_Aggressive_Search
master-0050,San Felipe Mexican Restaurant,Leland / Southport greater-area,Speedy Gonzalez lunch,Lunch Special,lunch_special,Lunch,available 11 AM-3 PM,,$8.99,No,dine-in likely,Unknown,Unknown,No,tier_1_official,Official source,source_backed_boundary_scope_review,B_source_backed_needs_capture,Yes,capture/evidence cleanup; screenshot/archive needed,Scope decision for Leland/Southport; screenshot/PDF capture.,san-felipe-mexican-restaurant-speedy-gonzalez-lunch,https://www.sanfelipenc.com/s/25yrs-Feature-Menu-Web.pdf,"Official PDF lists Speedy Gonzalez: one taco, one enchilada, choice of rice or refried beans, $8.99; available 11 AM-3 PM.",B_Aggressive_Search
master-0051,SeaWitch Tiki Bar,Carolina Beach,Rotating Dinner Specials / specials signal,Daily / Weekly Specials,rotating_specials,Dinner,Event page says ask server/bartender about rotating dinner specials,,not captured,No,dine-in,Unknown,Unknown,No,tier_1_official,Official source,lead_needs_direct_or_social_capture,E_suppressed_or_drink_only,Yes,,,seawitch-tiki-bar-rotating-dinner-specials-specials-signal,https://seawitchtikibar.com/,No exact food items/prices captured; drink specials are alcohol-only.,wilmington_greater_area_specials_pass7
master-0052,Solstice Kitchen + Cocktails,Wrightsville Beach,Breakfast Bar,Breakfast,breakfast_offer,Breakfast,Breakfast menu; restaurant open daily 7am-9pm,,$22 per person,No,dine-in,Unknown,Unknown,No,tier_1_official,Official source,needs_deal_value_review,A_promotable_after_review,No,,,solstice-kitchen-cocktails-breakfast-bar,https://www.solsticewrightsvillebeach.com/menus,May be standard buffet/menu item rather than meaningful special.,wilmington_greater_area_specials_pass7
master-0053,Sugo Italian Steakhouse,Downtown / Hotel Ballast,weekly_special; rotating_special,Other Food Special,weekly_special; rotating_special,Unclassified,,,,No,,Unknown,Unknown,No,tier_1_official,Official source,promotable_candidate_after_review_if deal-value gate accepts rotating menu specials,A_promotable_after_review,No,,,sugo-italian-steakhouse-weekly-special-rotating-special,https://sugoitaliansteakhouse.com/menu,"Official dinner page says menu is updated weekly and last refreshed June 29, 2026. It exposes a Specials section with exact food items and prices including Burrata & Tomato $25, Double Bone-In Pork Chop $46, Rigatoni Mignon $45, Crispy Calamari Fritti $26, Oysters RAW $35, Oysters Garlic Parm $35, Lamb Shank $52, Crab & Grouper Chowder $29, Broiled Clams $35, and more.",wilmington_blocker_capture_pass5
master-0054,Sugo Italian Steakhouse,,Coverage / source row,Other Food Special,,Unclassified,,,,No,,Unknown,Unknown,No,,Source URL present,promotable_candidate_after_review_if deal-value gate accepts rotating menu specials,A_promotable_after_review,Yes,Source URL present,,sugo-italian-steakhouse-coverage-source-row,https://sugoitaliansteakhouse.com/menu,,wilmington_blocker_capture_pass5
master-0055,Sugo Italian Steakhouse,,Burrata & Tomato $25.,Other Food Special,weekly_special; rotating_special,Unclassified,,,,No,,Unknown,Unknown,No,tier_1_official,Official source,promotable_candidate_after_review_if deal-value gate accepts rotating menu specials,A_promotable_after_review,No,,,sugo-italian-steakhouse-burrata-tomato-25,https://sugoitaliansteakhouse.com/menu,Requires reviewer decision whether rotating 'Specials' menu section counts as meaningful offer vs routine menu availability; not a discount.,wilmington_blocker_capture_pass5
master-0056,Sugo Italian Steakhouse,,Crab & Grouper Chowder $29.,Other Food Special,weekly_special; rotating_special,Unclassified,,,,No,,Unknown,Unknown,No,tier_1_official,Official source,promotable_candidate_after_review_if deal-value gate accepts rotating menu specials,A_promotable_after_review,No,,,sugo-italian-steakhouse-crab-grouper-chowder-29,https://sugoitaliansteakhouse.com/menu,Requires reviewer decision whether rotating 'Specials' menu section counts as meaningful offer vs routine menu availability; not a discount.,wilmington_blocker_capture_pass5
master-0057,Sugo Italian Steakhouse,,Crispy Calamari Fritti $26.,Other Food Special,weekly_special; rotating_special,Unclassified,,,,No,,Unknown,Unknown,No,tier_1_official,Official source,promotable_candidate_after_review_if deal-value gate accepts rotating menu specials,A_promotable_after_review,No,,,sugo-italian-steakhouse-crispy-calamari-fritti-26,https://sugoitaliansteakhouse.com/menu,Requires reviewer decision whether rotating 'Specials' menu section counts as meaningful offer vs routine menu availability; not a discount.,wilmington_blocker_capture_pass5
master-0058,Sugo Italian Steakhouse,,Lamb Shank $52.,Other Food Special,weekly_special; rotating_special,Unclassified,,,,No,,Unknown,Unknown,No,tier_1_official,Official source,promotable_candidate_after_review_if deal-value gate accepts rotating menu specials,A_promotable_after_review,No,,,sugo-italian-steakhouse-lamb-shank-52,https://sugoitaliansteakhouse.com/menu,Requires reviewer decision whether rotating 'Specials' menu section counts as meaningful offer vs routine menu availability; not a discount.,wilmington_blocker_capture_pass5
master-0059,Sugo Italian Steakhouse,Hotel Ballast / Downtown Riverfront,No exact special captured,Other Food Special,source_checked_no_deal,Brunch / Dinner,,,,No,dine-in,Unknown,Unknown,No,tier_4_secondary_lead,Secondary lead,blocked_no_promotable_offer_found,D_checked_no_offer_found,Yes,Secondary lead,,sugo-italian-steakhouse-no-exact-special-captured,https://www.sugoitaliansteakhouse.com/,Official source not captured by web; no deal signal.,wilmington_high_signal_promotability_pass4
master-0060,Sugo Italian Steakhouse,,No exact special captured,Other Food Special,source_checked_no_deal,Unclassified,,,,No,,Unknown,Unknown,No,,Secondary lead,blocked_no_promotable_offer_found,D_checked_no_offer_found,Yes,Secondary lead,,sugo-italian-steakhouse-no-exact-special-captured,https://www.restaurantji.com/nc/wilmington/sugo-italian-steakhouse-/,Official source not captured by web; no deal signal.,wilmington_high_signal_promotability_pass4
master-0061,Sugo Italian Steakhouse,,Oysters RAW $35 / Oysters Garlic Parm $35.,Seafood / Oysters,weekly_special; rotating_special,Unclassified,,,,No,,Unknown,Unknown,No,tier_1_official,Official source,promotable_candidate_after_review_if deal-value gate accepts rotating menu specials,A_promotable_after_review,No,,,sugo-italian-steakhouse-oysters-raw-35-oysters-garlic-parm-35,https://sugoitaliansteakhouse.com/menu,Requires reviewer decision whether rotating 'Specials' menu section counts as meaningful offer vs routine menu availability; not a discount.,wilmington_blocker_capture_pass5
master-0062,Sugo Italian Steakhouse,,Rigatoni Mignon $45.,Other Food Special,weekly_special; rotating_special,Unclassified,,,,No,,Unknown,Unknown,No,tier_1_official,Official source,promotable_candidate_after_review_if deal-value gate accepts rotating menu specials,A_promotable_after_review,No,,,sugo-italian-steakhouse-rigatoni-mignon-45,https://sugoitaliansteakhouse.com/menu,Requires reviewer decision whether rotating 'Specials' menu section counts as meaningful offer vs routine menu availability; not a discount.,wilmington_blocker_capture_pass5
master-0063,Sugo Italian Steakhouse,,"Weekly/rotating Specials section from official dinner menu, last refreshed June 29, 2026.",Daily / Weekly Specials,weekly_special; rotating_special,Dinner,,,,No,,Unknown,Unknown,No,tier_1_official,Official source,promotable_candidate_after_review_if deal-value gate accepts rotating menu specials,A_promotable_after_review,No,,,sugo-italian-steakhouse-weekly-rotating-specials-section-from-official-dinner-menu-last-refreshed-june-29-2026,https://sugoitaliansteakhouse.com/menu,Requires reviewer decision whether rotating 'Specials' menu section counts as meaningful offer vs routine menu availability; not a discount.,wilmington_blocker_capture_pass5
master-0064,Tequila's Waterfront,Downtown / Riverfront,weekly_special; lunch_special,Lunch Special,weekly_special; lunch_special,Lunch,,,,No,,Unknown,Unknown,No,tier_1_official,Official source,promotable_candidate_after_review_for_food_rows; suppress wine row,E_suppressed_or_drink_only,Yes,,,tequila-s-waterfront-weekly-special-lunch-special,https://tequilaswaterfront.com/menus/,"Official menus page includes a Weekly Deals image. Food rows include Tue-Fri $10 lunch menu 11 AM-3 PM, Tuesday $2 Street Tacos 4 PM-close, Wednesday half off wings 4 PM-close, and Friday half off fajitas 4 PM-close. Thursday half off wine is drink-only/mixed and should be suppressed.",wilmington_blocker_capture_pass5
master-0065,Tequila's Waterfront,,Coverage / source row,Other Food Special,,Unclassified,,,,No,,Unknown,Unknown,No,,Source URL present,promotable_candidate_after_review_for_food_rows; suppress wine row,E_suppressed_or_drink_only,Yes,Source URL present,,tequila-s-waterfront-coverage-source-row,https://tequilaswaterfront.com/menus/,,wilmington_blocker_capture_pass5
master-0066,Tequila's Waterfront,,"Friday Half Off Fajitas, 4 PM-close; excluding Trio Fajitas.",Lunch Special,weekly_special; lunch_special,Lunch / Dinner,,,,No,,Unknown,Unknown,No,tier_1_official,Official source,promotable_candidate_after_review_for_food_rows; suppress wine row,E_suppressed_or_drink_only,Yes,screenshot/archive needed,,tequila-s-waterfront-friday-half-off-fajitas-4-pm-close-excluding-trio-fajitas,https://tequilaswaterfront.com/menus/,"Needs local screenshot/archive saved from image source, content hash, human review, and food-safe public copy; suppress Thursday wine row.",wilmington_blocker_capture_pass5
master-0067,Tequila's Waterfront,,"Tue-Fri $10 Lunch Menu, 11 AM-3 PM.",Lunch Special,weekly_special; lunch_special,Lunch,,,,No,,Unknown,Unknown,No,tier_1_official,Official source,promotable_candidate_after_review_for_food_rows; suppress wine row,E_suppressed_or_drink_only,Yes,screenshot/archive needed,,tequila-s-waterfront-tue-fri-10-lunch-menu-11-am-3-pm,https://tequilaswaterfront.com/menus/,"Needs local screenshot/archive saved from image source, content hash, human review, and food-safe public copy; suppress Thursday wine row.",wilmington_blocker_capture_pass5
master-0068,Tequila's Waterfront,,"Tuesday $2 Street Tacos, 4 PM-close; any select street tacos for $2.",Lunch Special,weekly_special; lunch_special,Lunch / Dinner,,,,No,,Unknown,Unknown,No,tier_1_official,Official source,promotable_candidate_after_review_for_food_rows; suppress wine row,E_suppressed_or_drink_only,Yes,screenshot/archive needed,,tequila-s-waterfront-tuesday-2-street-tacos-4-pm-close-any-select-street-tacos-for-2,https://tequilaswaterfront.com/menus/,"Needs local screenshot/archive saved from image source, content hash, human review, and food-safe public copy; suppress Thursday wine row.",wilmington_blocker_capture_pass5
master-0069,Tequila's Waterfront,,"Wednesday Half Off Wings, 4 PM-close.",Lunch Special,weekly_special; lunch_special,Lunch / Dinner,,,,No,,Unknown,Unknown,No,tier_1_official,Official source,promotable_candidate_after_review_for_food_rows; suppress wine row,E_suppressed_or_drink_only,Yes,screenshot/archive needed,,tequila-s-waterfront-wednesday-half-off-wings-4-pm-close,https://tequilaswaterfront.com/menus/,"Needs local screenshot/archive saved from image source, content hash, human review, and food-safe public copy; suppress Thursday wine row.",wilmington_blocker_capture_pass5
master-0070,The Bento Box Sushi Bar,Mayfaire / Military Cutoff,Bento Box Lunch Combinations,Lunch Special,lunch_special,Lunch,Served until 2:30pm only,,combo lunch; prices not captured in visible text,No,dine-in likely; confirm takeout,Yes,Unknown,No,tier_1_official,Official source,promotion_candidate_after_review_with_price_blocker,B_source_backed_needs_capture,Yes,capture/evidence cleanup; screenshot/archive needed,,the-bento-box-sushi-bar-bento-box-lunch-combinations,https://www.bentoboxsushi.com/menu,Prices missing from extracted text; screenshot/PDF capture needed.,wilmington_greater_area_specials_pass7
master-0071,The Bridge Tender,Wrightsville Beach / Wilmington boundary,nightly_feature_lead,Other Food Special,nightly_feature_lead,Dinner,,,,No,,Unknown,Unknown,No,tier_1_official,Official source,not_promotable_yet,C_strong_lead_needs_official_source,Yes,official confirmation needed,,the-bridge-tender-nightly-feature-lead,https://www.thebridgetender.com/,Official home page links to a Nightly Feature page and states dinner is served Tuesday-Sunday 4-9 PM. The Nightly Feature target did not fetch. Official menu captured standard dinner items but no exact discounted/recurring feature terms.,wilmington_blocker_capture_pass5
master-0072,The Bridge Tender,,Coverage / source row,Other Food Special,,Unclassified,,,,No,,Unknown,Unknown,No,,Source URL present,not_promotable_yet,C_strong_lead_needs_official_source,Yes,Source URL present; official confirmation needed,,the-bridge-tender-coverage-source-row,https://www.thebridgetender.com/,,wilmington_blocker_capture_pass5
master-0073,The Sounder,Oleander Drive,late_night_food_offer,Other Food Special,late_night_food_offer,Dinner,,,,No,,Unknown,Unknown,No,tier_3_partner tied to official site,Official source,needs_review_not_fully_promotable,A_promotable_after_review,No,,,the-sounder-late-night-food-offer,https://order.toasttab.com/online/the-sounder-5400-oleander-drive,"Official site links to Toast ordering. Toast exposes a Late Night category with lower-priced food items: Simple Salad $5, Caesar Salad $7, Fry Plate $5, Chicken Wing $9, Buffalo Shrimp $9, The Burger $11, Chicken Sandwich $11. The schedule/availability window for Late Night is not captured; official site also says a limited menu is offered 2-4 PM, which may be separate.",wilmington_blocker_capture_pass5
master-0074,The Sounder,,Coverage / source row,Other Food Special,,Unclassified,,,,No,,Unknown,Unknown,No,,Partner/order source,needs_review_not_fully_promotable,A_promotable_after_review,No,,,the-sounder-coverage-source-row,https://order.toasttab.com/online/the-sounder-5400-oleander-drive,,wilmington_blocker_capture_pass5
master-0075,The Sounder,,Late Night Buffalo Shrimp $9.,Seafood / Oysters,late_night_food_offer,Dinner,,,,No,,Unknown,Unknown,No,tier_3_partner tied to official site,Official source,needs_review_not_fully_promotable,A_promotable_after_review,No,,,the-sounder-late-night-buffalo-shrimp-9,https://order.toasttab.com/online/the-sounder-5400-oleander-drive,Late-night schedule and restrictions not supported by source text; partner ordering is not the same as official public copy.,wilmington_blocker_capture_pass5
master-0076,The Sounder,,Late Night Caesar Salad $7.,Other Food Special,late_night_food_offer,Dinner,,,,No,,Unknown,Unknown,No,tier_3_partner tied to official site,Official source,needs_review_not_fully_promotable,A_promotable_after_review,No,,,the-sounder-late-night-caesar-salad-7,https://order.toasttab.com/online/the-sounder-5400-oleander-drive,Late-night schedule and restrictions not supported by source text; partner ordering is not the same as official public copy.,wilmington_blocker_capture_pass5
master-0077,The Sounder,,Late Night Chicken Sandwich $11.,Sandwiches / Hotdogs,late_night_food_offer,Lunch / Dinner,,,,No,,Unknown,Unknown,No,tier_3_partner tied to official site,Official source,needs_review_not_fully_promotable,A_promotable_after_review,No,,,the-sounder-late-night-chicken-sandwich-11,https://order.toasttab.com/online/the-sounder-5400-oleander-drive,Late-night schedule and restrictions not supported by source text; partner ordering is not the same as official public copy.,wilmington_blocker_capture_pass5
master-0078,The Sounder,,Late Night Chicken Wing $9.,Wings,late_night_food_offer,Dinner,,,,No,,Unknown,Unknown,No,tier_3_partner tied to official site,Official source,needs_review_not_fully_promotable,A_promotable_after_review,No,,,the-sounder-late-night-chicken-wing-9,https://order.toasttab.com/online/the-sounder-5400-oleander-drive,Late-night schedule and restrictions not supported by source text; partner ordering is not the same as official public copy.,wilmington_blocker_capture_pass5
master-0079,The Sounder,,Late Night Fry Plate $5.,Other Food Special,late_night_food_offer,Dinner,,,,No,,Unknown,Unknown,No,tier_3_partner tied to official site,Official source,needs_review_not_fully_promotable,A_promotable_after_review,No,,,the-sounder-late-night-fry-plate-5,https://order.toasttab.com/online/the-sounder-5400-oleander-drive,Late-night schedule and restrictions not supported by source text; partner ordering is not the same as official public copy.,wilmington_blocker_capture_pass5
master-0080,The Sounder,,Late Night Simple Salad $5.,Other Food Special,late_night_food_offer,Dinner,,,,No,,Unknown,Unknown,No,tier_3_partner tied to official site,Official source,needs_review_not_fully_promotable,A_promotable_after_review,No,,,the-sounder-late-night-simple-salad-5,https://order.toasttab.com/online/the-sounder-5400-oleander-drive,Late-night schedule and restrictions not supported by source text; partner ordering is not the same as official public copy.,wilmington_blocker_capture_pass5
master-0081,The Sounder,,Late Night The Burger $11.,Burgers,late_night_food_offer,Lunch / Dinner,,,,No,,Unknown,Unknown,No,tier_3_partner tied to official site,Official source,needs_review_not_fully_promotable,A_promotable_after_review,No,,,the-sounder-late-night-the-burger-11,https://order.toasttab.com/online/the-sounder-5400-oleander-drive,Late-night schedule and restrictions not supported by source text; partner ordering is not the same as official public copy.,wilmington_blocker_capture_pass5
master-0082,The Sounder,Oleander Drive,Special events/offers newsletter signal,Other Food Special,source_checked_no_deal,Brunch / Dinner,Dinner Tues-Sun; brunch Sat/Sun; limited menu Tue-Sun 2-4 PM.,,,No,dine-in / pickup / online order,Yes,Unknown,No,tier_1_official,Official source,blocked_no_exact_promotable_offer,D_checked_no_offer_found,Yes,,,the-sounder-special-events-offers-newsletter-signal,https://www.the-sounder.com/,No exact offer/price/schedule; PDF menus failed to fetch.,wilmington_high_signal_promotability_pass4
master-0083,three10,Brooklyn Arts / North 4th,seasonal_menu_no_deal_found,Other Food Special,seasonal_menu_no_deal_found,Unclassified,,,,No,,Unknown,Unknown,No,tier_1_official,Official source,not_promotable_yet,C_strong_lead_needs_official_source,Yes,official confirmation needed,,three10-seasonal-menu-no-deal-found,https://three10wilmington.com/menus/,"Official menus page contains image menus for raw bar/small plates, large plates, cocktails, and after-dinner. I saw seasonal/regular menu items and pairings, but no explicit special, happy hour, discount, weekly special, or recurring food offer in accessible image evidence.",wilmington_blocker_capture_pass5
master-0084,three10,,Coverage / source row,Other Food Special,,Unclassified,,,,No,,Unknown,Unknown,No,,Source URL present,not_promotable_yet,C_strong_lead_needs_official_source,Yes,Source URL present; official confirmation needed,,three10-coverage-source-row,https://three10wilmington.com/menus/,,wilmington_blocker_capture_pass5
master-0085,three10,Brooklyn Arts District,No exact special captured,Other Food Special,source_checked_no_deal,Dinner,Dinner 5-9 PM Tues-Sat.,,,No,dine-in / delivery secondary,Unknown,Yes,No,tier_1_official,Official source,blocked_no_promotable_offer_found,D_checked_no_offer_found,Yes,,,three10-no-exact-special-captured,https://three10wilmington.com/,No deal evidence; menu is image-based and appears regular menu only.,wilmington_high_signal_promotability_pass4
master-0086,three10,,No exact special captured,Other Food Special,source_checked_no_deal,Dinner,Dinner 5-9 PM Tues-Sat.,,,No,,Unknown,Unknown,No,,Source URL present,blocked_no_promotable_offer_found,D_checked_no_offer_found,Yes,Source URL present,,three10-no-exact-special-captured,https://three10wilmington.com/menus/,No deal evidence; menu is image-based and appears regular menu only.,wilmington_high_signal_promotability_pass4
master-0087,Tidewater Oyster Bar,,Catch: blackened grouper over butter bean/tomato salad,Daily / Weekly Specials,daily_specials_food,Unclassified,Daily Specials section; same-day capture recommended,,$34,No,,Unknown,Unknown,No,,Partner/order source,promotion_candidate_pending_review,A_promotable_after_review,No,,,tidewater-oyster-bar-catch-blackened-grouper-over-butter-bean-tomato-salad,https://order.toasttab.com/online/tidewater-oyster-bar,Rotating/current order page; capture/review needed.,wilmington_high_signal_promotability_pass4
master-0088,Tidewater Oyster Bar,,Clam Strips,Seafood / Oysters,daily_specials_food,Unclassified,Daily Specials section; same-day capture recommended,,$15,No,,Unknown,Unknown,No,,Partner/order source,promotion_candidate_pending_review,A_promotable_after_review,No,,,tidewater-oyster-bar-clam-strips,https://order.toasttab.com/online/tidewater-oyster-bar,Rotating/current order page; capture/review needed.,wilmington_high_signal_promotability_pass4
master-0089,Tidewater Oyster Bar,Porters Neck / Market Street,Daily Specials,Seafood / Oysters,daily_specials / seafood,Lunch / Dinner,Current ordering menu; no day-specific recurrence shown.,,$15-$35; seafood specials,No,dine-in / takeout ordering surface,Yes,Unknown,No,tier_3_partner_official_ordering,Official source,promotion_candidate_pending_review,B_source_backed_needs_capture,Yes,capture/evidence cleanup; screenshot/archive needed,,tidewater-oyster-bar-daily-specials,https://tidewateroysterbar.com/,Need screenshot/source capture and reviewer decision because specials may rotate.,wilmington_high_signal_promotability_pass4
master-0090,Tidewater Oyster Bar,,Half lobster tail add-on,Seafood / Oysters,daily_specials_food,Unclassified,Daily Specials section; same-day capture recommended,,$15,No,,Unknown,Unknown,No,,Partner/order source,promotion_candidate_pending_review,A_promotable_after_review,No,,,tidewater-oyster-bar-half-lobster-tail-add-on,https://order.toasttab.com/online/tidewater-oyster-bar,Rotating/current order page; capture/review needed.,wilmington_high_signal_promotability_pass4
master-0091,Tidewater Oyster Bar,,Land: Asiago stuffed gnocchi / summer vegetable medley / blackened chicken,Daily / Weekly Specials,daily_specials_food,Unclassified,Daily Specials section; same-day capture recommended,,$24,No,,Unknown,Unknown,No,,Partner/order source,promotion_candidate_pending_review,A_promotable_after_review,No,,,tidewater-oyster-bar-land-asiago-stuffed-gnocchi-summer-vegetable-medley-blackened-chicken,https://order.toasttab.com/online/tidewater-oyster-bar,Rotating/current order page; capture/review needed.,wilmington_high_signal_promotability_pass4
master-0092,Tidewater Oyster Bar,,Lobster Mac Entree,Seafood / Oysters,daily_specials_food,Unclassified,Daily Specials section; same-day capture recommended,,$35,No,,Unknown,Unknown,No,,Partner/order source,promotion_candidate_pending_review,A_promotable_after_review,No,,,tidewater-oyster-bar-lobster-mac-entree,https://order.toasttab.com/online/tidewater-oyster-bar,Rotating/current order page; capture/review needed.,wilmington_high_signal_promotability_pass4
master-0093,Tidewater Oyster Bar,,Shark Bites,Daily / Weekly Specials,daily_specials_food,Unclassified,Daily Specials section; same-day capture recommended,,$16,No,,Unknown,Unknown,No,,Partner/order source,promotion_candidate_pending_review,A_promotable_after_review,No,,,tidewater-oyster-bar-shark-bites,https://order.toasttab.com/online/tidewater-oyster-bar,Rotating/current order page; capture/review needed.,wilmington_high_signal_promotability_pass4
master-0094,Tidewater Oyster Bar,,Tuna Tataki,Daily / Weekly Specials,daily_specials_food,Unclassified,Daily Specials section; same-day capture recommended,,$15,No,,Unknown,Unknown,No,,Partner/order source,promotion_candidate_pending_review,A_promotable_after_review,No,,,tidewater-oyster-bar-tuna-tataki,https://order.toasttab.com/online/tidewater-oyster-bar,Rotating/current order page; capture/review needed.,wilmington_high_signal_promotability_pass4
master-0095,Tokyo 101,Mayfaire / Town Center,Bento Box lunch,Lunch Special,lunch_special,Lunch,source_hours support lunch service; day-specific row needs review,,,No,dine_in/takeout_unclear,Yes,Unknown,No,tier_1_official,Official source,,B_source_backed_needs_capture,Yes,capture/evidence cleanup,,tokyo-101-bento-box-lunch,https://www.tokyo101wilmington.com/lunch-menu-1,Capture page visual; create source_capture; reviewer approve or reject deal-value gate.,wilmington_promotable_candidates_pass6_hibachi
master-0096,Tokyo 101,Mayfaire / Town Center,Lunch Hibachi,Lunch Special,lunch_special,Lunch,source_hours support lunch service; day-specific row needs review,,,No,dine_in/takeout_unclear,Yes,Unknown,No,tier_1_official,Official source,,B_source_backed_needs_capture,Yes,capture/evidence cleanup,,tokyo-101-lunch-hibachi,https://www.tokyo101wilmington.com/lunch-menu-1,Capture page visual; create source_capture; review deal-value and public copy.,wilmington_promotable_candidates_pass6_hibachi
master-0097,Tokyo 101,Mayfaire / Town Center,Yakisoba noodle lunch,Lunch Special,lunch_special,Lunch,source_hours support lunch service; day-specific row needs review,,,No,dine_in/takeout_unclear,Yes,Unknown,No,tier_1_official,Official source,,B_source_backed_needs_capture,Yes,capture/evidence cleanup,,tokyo-101-yakisoba-noodle-lunch,https://www.tokyo101wilmington.com/lunch-menu-1,Capture page visual; create source_capture; review deal-value and public copy.,wilmington_promotable_candidates_pass6_hibachi
master-0098,Tokyo Express Grill,College Road / South Wilmington,Lunch Specials (11 AM-3 PM),Lunch Special,lunch_special,Lunch,Tue-Sat based on ordering hours; day-specific review required,,,No,pickup/delivery/dine_in,Yes,Yes,No,tier_1_official,Official source,,B_source_backed_needs_capture,Yes,capture/evidence cleanup,,tokyo-express-grill-lunch-specials-11-am-3-pm,https://tokyoexpressgrill.com/menu,Capture ordering menu visual; expand individual item contents; review deal-value and service mode.,wilmington_promotable_candidates_pass6_hibachi
master-0099,Tower 7 Baja Mex Grill - Wrightsville Beach,Wrightsville Beach,Specials menu: Carne Costra Tacos,Mexican / Tacos,specials_menu_food,Dinner,Specials section; food specials start at 5:00pm,,$15.00,No,dine-in only,Unknown,Unknown,No,tier_1_official,Official source,promotion_candidate_after_review,B_source_backed_needs_capture,Yes,capture/evidence cleanup; screenshot/archive needed,,tower-7-baja-mex-grill-wrightsville-beach-specials-menu-carne-costra-tacos,https://www.tower7.com/menu/wrightsville-menu/,Needs screenshot/archive and deal-value review.,wilmington_greater_area_specials_pass7
master-0100,Tower 7 Baja Mex Grill - Wrightsville Beach,Wrightsville Beach,Specials menu: Chicken Torta,Daily / Weekly Specials,specials_menu_food,Dinner,Specials section; food specials start at 5:00pm,,$13.00,No,dine-in only,Unknown,Unknown,No,tier_1_official,Official source,promotion_candidate_after_review,A_promotable_after_review,No,,,tower-7-baja-mex-grill-wrightsville-beach-specials-menu-chicken-torta,https://www.tower7.com/menu/wrightsville-menu/,Need reviewer to decide if current specials-menu item meets deal-value gate versus rotating menu item.,wilmington_greater_area_specials_pass7
master-0101,Wrightsville Beach Brewery,Oleander / Seagate,Wear It Wednesday,Other Food Special,weekly_discount_food,Lunch / Dinner,Wednesday; restaurant open Monday-Sunday 11 AM-10 PM; exact discount window not specified.,,10% off food,No,dine-in,Unknown,Unknown,No,tier_1_official,Official source,promotion_candidate_pending_review,B_source_backed_needs_capture,Yes,capture/evidence cleanup; screenshot/archive needed,,wrightsville-beach-brewery-wear-it-wednesday,https://www.wbbeer.com/home,Needs review decision and screenshot/source_capture; exact discount window not specified.,wilmington_high_signal_promotability_pass4
master-0102,Wrightsville Beach Brewery,,Wear It Wednesday: 10% off food when wearing brewery gear,Other Food Special,weekly_discount_food,Unclassified,Wednesday,,10% off food,No,,Unknown,Unknown,No,,Source URL present,promotion_candidate_pending_review,A_promotable_after_review,Yes,Source URL present,,wrightsville-beach-brewery-wear-it-wednesday-10-off-food-when-wearing-brewery-gear,https://www.wbbeer.com/home,Restriction: must wear brewery gear; exact hours not specified.,wilmington_high_signal_promotability_pass4
master-0103,Beat Street,Cargo District,"taco_special, burger_special",Mexican / Tacos,"taco_special, burger_special",Unclassified,,,,No,,Unknown,Unknown,No,tier_1_official,Official source,source_backed_candidate,B_source_backed_needs_capture,Yes,capture/evidence cleanup,,beat-street-taco-special-burger-special,https://www.beatstreetilm.com/,Official page lists $2 tacos Tuesday and $7 smashburgers Wednesday.,wilmington_specials_coverage_atlas_v0
master-0104,Beat Street,,$2 tacos,Mexican / Tacos,weekly_food_special,Dinner,Tuesday,,$2,No,dine_in_or_order_possible,Unknown,Unknown,No,tier_1_official,Official source,source_backed_candidate,B_source_backed_needs_capture,Yes,capture/evidence cleanup,,beat-street-2-tacos,https://www.beatstreetilm.com/,Official page supports exact time.,wilmington_specials_coverage_atlas_v0
master-0105,Beat Street,,$7 smashburgers,Burgers,weekly_food_special,Dinner,Wednesday,,$7,No,dine_in_or_order_possible,Unknown,Unknown,No,tier_1_official,Official source,source_backed_candidate,B_source_backed_needs_capture,Yes,capture/evidence cleanup,,beat-street-7-smashburgers,https://www.beatstreetilm.com/,Official page supports exact time.,wilmington_specials_coverage_atlas_v0
master-0106,Beer Barrio,Downtown,"taco_special, weekend_menu_lead, drink_only_suppressed",Mexican / Tacos,"taco_special, weekend_menu_lead, drink_only_suppressed",Unclassified,,,,No,,Unknown,Unknown,No,tier_1_official,Official source,source_backed_candidate,B_source_backed_needs_capture,Yes,capture/evidence cleanup,,beer-barrio-taco-special-weekend-menu-lead-drink-only-suppressed,https://beerbarrionc.com/specials,Official specials page lists Pork Taco Tuesday and several drink specials.,wilmington_specials_coverage_atlas_v0
master-0107,Beer Barrio,,Pork Taco Tuesdays - pulled pork tacos,Mexican / Tacos,weekly_food_special,Lunch / Dinner,Tuesday,,$4,No,dine_in_or_order_possible,Unknown,Unknown,No,tier_1_official,Official source,source_backed_candidate,B_source_backed_needs_capture,Yes,capture/evidence cleanup,,beer-barrio-pork-taco-tuesdays-pulled-pork-tacos,https://beerbarrionc.com/specials,Official page dated sequence around July.,wilmington_specials_coverage_atlas_v0
master-0108,Block Taco,Wilmington area,"taco_special, brunch_special",Brunch,"taco_special, brunch_special",Brunch,,,,No,,Unknown,Unknown,No,tier_1_official,Official source,source_backed_seed,B_source_backed_needs_capture,Yes,capture/evidence cleanup,,block-taco-taco-special-brunch-special,https://blocktaco.com/,Repo candidate lists Taco Monday & Tuesdays and Weekend Brunch Special.,wilmington_specials_coverage_atlas_v0
master-0109,Blue Surf Cafe,UNCW / Racine Drive,"dinner_special, kids_special, flatbread_special, entree_discount",Family / Kids,"dinner_special, kids_special, flatbread_special, entree_discount",Dinner,,,,No,,Unknown,Unknown,Yes,tier_1_official,Official source,source_backed_candidate,B_source_backed_needs_capture,Yes,capture/evidence cleanup,,blue-surf-cafe-dinner-special-kids-special-flatbread-special-entree-discount,https://bluesurfrestaurants.com/menu/,Official menu page lists weekly dinner and drink specials.,wilmington_specials_coverage_atlas_v0
master-0110,Blue Surf Cafe,,2 for $20 sandwiches,Sandwiches / Hotdogs,weekly_food_special,Dinner,Tuesday,,2 for $20,No,dine_in_or_to_go_possible,Unknown,Unknown,No,tier_1_official,Official source,source_backed_candidate,B_source_backed_needs_capture,Yes,capture/evidence cleanup,,blue-surf-cafe-2-for-20-sandwiches,https://bluesurfrestaurants.com/menu/,Dinner special time inherited from page.,wilmington_specials_coverage_atlas_v0
master-0111,Blue Surf Cafe,,$2 off entrees,Other Food Special,weekly_food_special,Dinner,Friday,,$2 off,No,dine_in_or_to_go_possible,Unknown,Unknown,No,tier_1_official,Official source,source_backed_candidate,B_source_backed_needs_capture,Yes,capture/evidence cleanup,,blue-surf-cafe-2-off-entrees,https://bluesurfrestaurants.com/menu/,Dinner special.,wilmington_specials_coverage_atlas_v0
master-0112,Blue Surf Cafe,,$2 off flatbreads,Other Food Special,weekly_food_special,Dinner,Thursday,,$2 off,No,dine_in_or_to_go_possible,Unknown,Unknown,No,tier_1_official,Official source,source_backed_candidate,B_source_backed_needs_capture,Yes,capture/evidence cleanup,,blue-surf-cafe-2-off-flatbreads,https://bluesurfrestaurants.com/menu/,Dinner special.,wilmington_specials_coverage_atlas_v0
master-0113,Blue Surf Cafe,,$5 kids menu items,Family / Kids,kids_family,Dinner,Wednesday,,$5,No,dine_in_or_to_go_possible,Unknown,Unknown,Yes,tier_1_official,Official source,source_backed_candidate,B_source_backed_needs_capture,Yes,capture/evidence cleanup,,blue-surf-cafe-5-kids-menu-items,https://bluesurfrestaurants.com/menu/,Family/kids category.,wilmington_specials_coverage_atlas_v0
master-0114,Cape Fear Seafood Company - Monkey Junction,Monkey Junction,"lunch_special, brunch_special, seafood",Brunch,"lunch_special, brunch_special, seafood",Brunch / Lunch,,,,No,,Unknown,Unknown,No,tier_1_official,Official source,source_backed_candidate,B_source_backed_needs_capture,Yes,capture/evidence cleanup,,cape-fear-seafood-company-monkey-junction-lunch-special-brunch-special-seafood,https://capefearseafoodcompany.com/locations/monkey-junction/,Official location page lists 12 lunch specials under $15 until 4 PM.,wilmington_specials_coverage_atlas_v0
master-0115,Cape Fear Seafood Company - Monkey Junction,,12 lunch specials under $15,Lunch Special,lunch_special,Lunch,Daily,,under $15,No,dine_in_or_order_possible,Unknown,Unknown,No,tier_1_official,Official source,source_backed_candidate,B_source_backed_needs_capture,Yes,capture/evidence cleanup,,cape-fear-seafood-company-monkey-junction-12-lunch-specials-under-15,https://capefearseafoodcompany.com/locations/monkey-junction/,Strong lunch-special signal.,wilmington_specials_coverage_atlas_v0
master-0116,Caprice Bistro,Downtown,"mussels, chicken_special, charcuterie, petit_plates, happy_hour_food",Happy Hour Food,"mussels, chicken_special, charcuterie, petit_plates, happy_hour_food",Unclassified,,,,Yes,,Unknown,Unknown,No,tier_1_official,Official source,source_backed_candidate,B_source_backed_needs_capture,Yes,capture/evidence cleanup,,caprice-bistro-mussels-chicken-special-charcuterie-petit-plates-happy-hour-food,https://www.capricebistro.com/weekly-specials,"Official weekly specials page lists Mussel Mondays, Coq au Vin Tuesday, and daily Petit Plates.",wilmington_specials_coverage_atlas_v0
master-0117,Caprice Bistro,,Coq au Vin Tuesday,Other Food Special,weekly_food_special,Dinner,Tuesday,,,No,dine_in,Unknown,Unknown,No,tier_1_official,Official source,source_backed_candidate,B_source_backed_needs_capture,Yes,capture/evidence cleanup,,caprice-bistro-coq-au-vin-tuesday,https://www.capricebistro.com/weekly-specials,Needs price/review decision.,wilmington_specials_coverage_atlas_v0
master-0118,Caprice Bistro,,Daily Petit Plates,Happy Hour Food,happy_hour,Happy_Hour,Daily,,$7,Yes,bar_bistro_tables_sofa_lounge_outdoor,Unknown,Unknown,No,tier_1_official,Official source,source_backed_candidate,B_source_backed_needs_capture,Yes,capture/evidence cleanup,,caprice-bistro-daily-petit-plates,https://www.capricebistro.com/weekly-specials,Happy-hour-style food small plates.,wilmington_specials_coverage_atlas_v0
master-0119,Caprice Bistro,,Date Night à Deux Wednesdays fromage & charcuterie,Date Night / Prix Fixe,weekly_food_special,Dinner,Wednesday,,$15,No,dine_in,Unknown,Unknown,No,tier_1_official,Official source,source_backed_candidate,B_source_backed_needs_capture,Yes,capture/evidence cleanup,,caprice-bistro-date-night-deux-wednesdays-fromage-charcuterie,https://www.capricebistro.com/weekly-specials,Food-only copy available.,wilmington_specials_coverage_atlas_v0
master-0120,Caprice Bistro,,Mussel Mondays,Other Food Special,weekly_food_special,Dinner,Monday,,$15,No,dine_in,Unknown,Unknown,No,tier_1_official,Official source,source_backed_candidate,B_source_backed_needs_capture,Yes,capture/evidence cleanup,,caprice-bistro-mussel-mondays,https://www.capricebistro.com/weekly-specials,Food-only copy available.,wilmington_specials_coverage_atlas_v0
master-0121,Carolina Ale House - Wilmington,College Road / Wilmington,Daily Lunch Specials / Promotions surface,Lunch Special,lunch_specials_lead,Lunch,daily lunch specials link exists; exact terms not rendered,,not captured,No,dine_in/takeout unclear,Yes,Unknown,No,tier_1_official,Official source,blocked_exact_terms_not_rendered,B_source_backed_needs_capture,Yes,capture/evidence cleanup,Use browser/order capture for Daily Lunch Specials or Promotions Wilmington selector.,carolina-ale-house-wilmington-daily-lunch-specials-promotions-surface,https://www.carolinaalehouse.com/menu,"Official Wilmington page confirms location and promotions/events; official menu exposes a Daily Lunch Specials link, but exact Wilmington terms did not render in accessible text. Browser/order capture needed.",C_Blocker_Exhaustion
master-0122,Circa 1922,,Coverage / source row,Other Food Special,,Unclassified,,,,No,,Unknown,Unknown,No,,Missing source,,B_source_backed_needs_capture,Yes,Missing source; capture/evidence cleanup; screenshot/archive needed; missing source url,,circa-1922-coverage-source-row,,Needs human review + app screenshot/archive path; screenshot attempt of PDF via tool failed.,wilmington_high_signal_promotability_pass4
master-0123,Circa 1922,,Happy Hour Bites menu signal,Happy Hour Food,happy_hour_food,Happy Hour,,,,Yes,,Unknown,Unknown,No,tier_1_official,Official source,source_backed_candidate,B_source_backed_needs_capture,Yes,capture/evidence cleanup,,circa-1922-happy-hour-bites-menu-signal,https://www.circa1922.com/,Official site links Happy Hour Bites; image alt says daily 5-7 PM bar menu.,wilmington_run_queue_direct_pass3
master-0124,Coquina Fishbar,Mayfaire / Wrightsville Beach area,"appetizer_special, happy_hour_food",Happy Hour Food,"appetizer_special, happy_hour_food",Unclassified,,,,Yes,,Unknown,Unknown,No,tier_1_official,Official source,source_backed_seed,B_source_backed_needs_capture,Yes,capture/evidence cleanup,,coquina-fishbar-appetizer-special-happy-hour-food,https://coquinafishbar.com/,Repo candidate says Friday half-priced apps 4-6 at bar and patio.,wilmington_specials_coverage_atlas_v0
master-0125,Elijah's Oyster & Fish Camp,,1/2 Priced Oysters,Happy Hour Food,happy_hour_food,Dinner,Wednesday 4–6 PM,,50% off,Yes,dine_in,Unknown,Unknown,No,tier_1_official,Official source,needs_review,B_source_backed_needs_capture,Yes,capture/evidence cleanup; screenshot/archive needed,,elijah-s-oyster-fish-camp-1-2-priced-oysters,https://www.elijahs.com/menu,Strong food-bearing happy hour; capture screenshot and source check.,wilmington_net_new_discovery_pass1
master-0126,Hell's Kitchen,Downtown,"lunch_special, sandwich_special, burger_special, wing_special",Lunch Special,"lunch_special, sandwich_special, burger_special, wing_special",Lunch,,,,No,,Unknown,Unknown,No,tier_1_official,Official source,source_backed_candidate,B_source_backed_needs_capture,Yes,capture/evidence cleanup,,hell-s-kitchen-lunch-special-sandwich-special-burger-special-wing-special,https://hellskitchenbar.com/,Official homepage lists daily lunch food specials.,wilmington_specials_coverage_atlas_v0
master-0127,Hell's Kitchen,,Caesar wrap and fries,Lunch Special,lunch_special,Lunch,Monday,,$9.99,No,dine_in_or_order_possible,Unknown,Unknown,No,tier_1_official,Official source,source_backed_candidate,E_suppressed_or_drink_only,Yes,,,hell-s-kitchen-caesar-wrap-and-fries,https://hellskitchenbar.com/,Drink specials suppressed.,wilmington_specials_coverage_atlas_v0
master-0128,Hell's Kitchen,,Classic HK burger and fries,Lunch Special,lunch_special,Lunch,Wednesday,,$9.99,No,dine_in_or_order_possible,Unknown,Unknown,No,tier_1_official,Official source,source_backed_candidate,B_source_backed_needs_capture,Yes,capture/evidence cleanup,,hell-s-kitchen-classic-hk-burger-and-fries,https://hellskitchenbar.com/,Lunch special.,wilmington_specials_coverage_atlas_v0
master-0129,Hell's Kitchen,,Meatball sub and fries,Lunch Special,lunch_special,Lunch,Tuesday,,$9.99,No,dine_in_or_order_possible,Unknown,Unknown,No,tier_1_official,Official source,source_backed_candidate,B_source_backed_needs_capture,Yes,capture/evidence cleanup,,hell-s-kitchen-meatball-sub-and-fries,https://hellskitchenbar.com/,Lunch special.,wilmington_specials_coverage_atlas_v0
master-0130,Hell's Kitchen,,Nashville hot chicken sandwich and fries,Lunch Special,lunch_special,Lunch,Thursday,,$9.99,No,dine_in_or_order_possible,Unknown,Unknown,No,tier_1_official,Official source,source_backed_candidate,B_source_backed_needs_capture,Yes,capture/evidence cleanup,,hell-s-kitchen-nashville-hot-chicken-sandwich-and-fries,https://hellskitchenbar.com/,Lunch special.,wilmington_specials_coverage_atlas_v0
master-0131,Hell's Kitchen,,Wing Friday - 6 wings,Lunch Special,lunch_special,Lunch,Friday,,$9.99,No,dine_in_or_order_possible,Unknown,Unknown,No,tier_1_official,Official source,source_backed_candidate,B_source_backed_needs_capture,Yes,capture/evidence cleanup,,hell-s-kitchen-wing-friday-6-wings,https://hellskitchenbar.com/,Lunch special.,wilmington_specials_coverage_atlas_v0
master-0132,Islands Fresh Mex Grill,Multiple Wilmington locations,"taco_special, takeout, delivery, kids_menu",Family / Kids,"taco_special, takeout, delivery, kids_menu",Unclassified,,,,No,,Yes,Yes,Yes,tier_1_official,Official source,source_backed_candidate,B_source_backed_needs_capture,Yes,capture/evidence cleanup,,islands-fresh-mex-grill-taco-special-takeout-delivery-kids-menu,https://www.islandsfreshmexgrill.com/menu/,Official menu lists daily taco special and multiple Wilmington locations.,wilmington_specials_coverage_atlas_v0
master-0133,Islands Fresh Mex Grill,,After 5 PM taco special,Mexican / Tacos,weekly_food_special,Dinner,Daily,,$1.00,No,takeout_delivery_dinein_possible,Yes,Yes,No,tier_1_official,Official source,source_backed_candidate,B_source_backed_needs_capture,Yes,capture/evidence cleanup,,islands-fresh-mex-grill-after-5-pm-taco-special,https://www.islandsfreshmexgrill.com/menu/,Restrictions captured.,wilmington_specials_coverage_atlas_v0
master-0134,Islands Fresh Mex Grill,,Before 5 PM taco special,Mexican / Tacos,weekly_food_special,Lunch / Dinner,Daily,,$1.99,No,takeout_delivery_dinein_possible,Yes,Yes,No,tier_1_official,Official source,source_backed_candidate,B_source_backed_needs_capture,Yes,capture/evidence cleanup,,islands-fresh-mex-grill-before-5-pm-taco-special,https://www.islandsfreshmexgrill.com/menu/,Service mode supported by order links; restrictions captured.,wilmington_specials_coverage_atlas_v0
master-0135,Italian Bistro - Monkey Junction,Monkey Junction,pizza_special,Pizza,pizza_special,Unclassified,,,,No,,Unknown,Unknown,No,tier_1_official,Official source,source_backed_seed,B_source_backed_needs_capture,Yes,capture/evidence cleanup,,italian-bistro-monkey-junction-pizza-special,https://www.italianbistronc.com/monkey-junction/specials/,Repo candidate lists Monday and Wednesday pizza specials.,wilmington_specials_coverage_atlas_v0
master-0136,K38 Independence,Independence / Carolina Beach Road,"weekly_food_special, taco_special, quesadilla_special, fajita_special",Mexican / Tacos,"weekly_food_special, taco_special, quesadilla_special, fajita_special",Unclassified,,,,No,,Unknown,Unknown,No,tier_1_official,Official source,source_backed_candidate,B_source_backed_needs_capture,Yes,capture/evidence cleanup,,k38-independence-weekly-food-special-taco-special-quesadilla-special-fajita-special,https://k38bajagrill.com/locations/independence/,Official location page lists same food specials as Oleander.,wilmington_specials_coverage_atlas_v0
master-0137,K38 Independence,,1/2 off De La Casa quesadilla,Mexican / Tacos,weekly_food_special,Dinner,Wednesday,,50% off,No,dine_in_only,Unknown,Unknown,No,tier_1_official,Official source,source_backed_candidate,B_source_backed_needs_capture,Yes,capture/evidence cleanup,,k38-independence-1-2-off-de-la-casa-quesadilla,https://k38bajagrill.com/locations/independence/,Location-specific page.,wilmington_specials_coverage_atlas_v0
master-0138,K38 Independence,,Cinco de Monday food items,Other Food Special,weekly_food_special,Dinner,Monday,,$5,No,dine_in_only,Unknown,Unknown,No,tier_1_official,Official source,source_backed_candidate,B_source_backed_needs_capture,Yes,capture/evidence cleanup,,k38-independence-cinco-de-monday-food-items,https://k38bajagrill.com/locations/independence/,Same structure as Oleander; location-specific page.,wilmington_specials_coverage_atlas_v0
master-0139,K38 Oleander,Oleander / College Road,"weekly_food_special, taco_special, quesadilla_special, fajita_special",Mexican / Tacos,"weekly_food_special, taco_special, quesadilla_special, fajita_special",Unclassified,,,,No,,Unknown,Unknown,No,tier_1_official,Official source,source_backed_candidate,B_source_backed_needs_capture,Yes,capture/evidence cleanup,,k38-oleander-weekly-food-special-taco-special-quesadilla-special-fajita-special,https://k38bajagrill.com/locations/oleander/,"Official location page lists Monday, Tuesday, Wednesday food specials.",wilmington_specials_coverage_atlas_v0
master-0140,K38 Oleander,,1/2 off De La Casa quesadilla,Mexican / Tacos,weekly_food_special,Dinner,Wednesday,,50% off,No,dine_in_only,Unknown,Unknown,No,tier_1_official,Official source,source_backed_candidate,B_source_backed_needs_capture,Yes,capture/evidence cleanup,,k38-oleander-1-2-off-de-la-casa-quesadilla,https://k38bajagrill.com/locations/oleander/,Food specials start at 5pm; dine-in only.,wilmington_specials_coverage_atlas_v0
master-0141,K38 Oleander,,Cinco de Monday food items,Other Food Special,weekly_food_special,Dinner,Monday,,$5,No,dine_in_only,Unknown,Unknown,No,tier_1_official,Official source,source_backed_candidate,B_source_backed_needs_capture,Yes,capture/evidence cleanup,,k38-oleander-cinco-de-monday-food-items,https://k38bajagrill.com/locations/oleander/,Food specials start at 5pm; dine-in only.,wilmington_specials_coverage_atlas_v0
master-0142,K38 Oleander,,Special-priced fajitas,Mexican / Tacos,weekly_food_special,Dinner,Tuesday,,special priced,No,dine_in_only,Unknown,Unknown,No,tier_1_official,Official source,source_backed_candidate,B_source_backed_needs_capture,Yes,capture/evidence cleanup,,k38-oleander-special-priced-fajitas,https://k38bajagrill.com/locations/oleander/,Food specials start at 5pm; dine-in only.,wilmington_specials_coverage_atlas_v0
master-0143,Katy's Grill & Bar,South College Road,"breakfast_special, lunch_special, dinner_special, burger_special, wing_special",Breakfast,"breakfast_special, lunch_special, dinner_special, burger_special, wing_special",Breakfast / Lunch / Dinner,,,,No,,Unknown,Unknown,No,tier_1_official,Official source,source_backed_candidate,B_source_backed_needs_capture,Yes,capture/evidence cleanup,,katy-s-grill-bar-breakfast-special-lunch-special-dinner-special-burger-special-wing-special,https://katysbarandgrill.com/weekly-specials/,Official weekly-specials page lists breakfast and lunch/dinner specials.,wilmington_specials_coverage_atlas_v0
master-0144,Katy's Grill & Bar,,1/2 price burgers,Lunch Special,lunch_dinner_special,Lunch / Dinner,Tuesday,,50% off,No,unknown,Unknown,Unknown,No,tier_1_official,Official source,source_backed_candidate,B_source_backed_needs_capture,Yes,capture/evidence cleanup,,katy-s-grill-bar-1-2-price-burgers,https://katysbarandgrill.com/weekly-specials/,Lunch/dinner category.,wilmington_specials_coverage_atlas_v0
master-0145,Katy's Grill & Bar,,1/2 price omelettes,Breakfast,breakfast_special,Breakfast,Tuesday,,50% off,No,dine_in,Unknown,Unknown,No,tier_1_official,Official source,source_backed_candidate,B_source_backed_needs_capture,Yes,capture/evidence cleanup,,katy-s-grill-bar-1-2-price-omelettes,https://katysbarandgrill.com/weekly-specials/,Breakfast category preserved.,wilmington_specials_coverage_atlas_v0
master-0146,Katy's Grill & Bar,,1/2 priced chicken sandwiches,Lunch Special,lunch_dinner_special,Lunch / Dinner,Wednesday,,50% off,No,unknown,Unknown,Unknown,No,tier_1_official,Official source,source_backed_candidate,B_source_backed_needs_capture,Yes,capture/evidence cleanup,,katy-s-grill-bar-1-2-priced-chicken-sandwiches,https://katysbarandgrill.com/weekly-specials/,Lunch/dinner category.,wilmington_specials_coverage_atlas_v0
master-0147,Katy's Grill & Bar,,2 hotdogs with fries,Lunch Special,lunch_dinner_special,Lunch / Dinner,Friday,,$8.99,No,unknown,Unknown,Unknown,No,tier_1_official,Official source,source_backed_candidate,B_source_backed_needs_capture,Yes,capture/evidence cleanup,,katy-s-grill-bar-2-hotdogs-with-fries,https://katysbarandgrill.com/weekly-specials/,Lunch/dinner category.,wilmington_specials_coverage_atlas_v0
master-0148,Katy's Grill & Bar,,6 wings with fries,Lunch Special,lunch_dinner_special,Lunch / Dinner,Thursday,,$9.99,No,unknown,Unknown,Unknown,No,tier_1_official,Official source,source_backed_candidate,B_source_backed_needs_capture,Yes,capture/evidence cleanup,,katy-s-grill-bar-6-wings-with-fries,https://katysbarandgrill.com/weekly-specials/,Lunch/dinner category.,wilmington_specials_coverage_atlas_v0
master-0149,Katy's Grill & Bar,,Biscuits and gravy,Breakfast,breakfast_special,Breakfast,Monday,,$6.99,No,dine_in,Unknown,Unknown,No,tier_1_official,Official source,source_backed_candidate,B_source_backed_needs_capture,Yes,capture/evidence cleanup,,katy-s-grill-bar-biscuits-and-gravy,https://katysbarandgrill.com/weekly-specials/,Breakfast category preserved.,wilmington_specials_coverage_atlas_v0
master-0150,Katy's Grill & Bar,,Breakfast bowl,Breakfast,breakfast_special,Breakfast,Wednesday,,$7.99,No,dine_in,Unknown,Unknown,No,tier_1_official,Official source,source_backed_candidate,B_source_backed_needs_capture,Yes,capture/evidence cleanup,,katy-s-grill-bar-breakfast-bowl,https://katysbarandgrill.com/weekly-specials/,Breakfast category preserved.,wilmington_specials_coverage_atlas_v0
master-0151,Katy's Grill & Bar,,French toast with bacon,Breakfast,breakfast_special,Breakfast,Thursday,,$6.99,No,dine_in_only,Unknown,Unknown,No,tier_1_official,Official source,source_backed_candidate,B_source_backed_needs_capture,Yes,capture/evidence cleanup,,katy-s-grill-bar-french-toast-with-bacon,https://katysbarandgrill.com/weekly-specials/,Restriction captured.,wilmington_specials_coverage_atlas_v0
master-0152,Katy's Grill & Bar,,Philly cheesesteak,Lunch Special,lunch_dinner_special,Lunch / Dinner,Monday,,$10.99,No,unknown,Unknown,Unknown,No,tier_1_official,Official source,source_backed_candidate,B_source_backed_needs_capture,Yes,capture/evidence cleanup,,katy-s-grill-bar-philly-cheesesteak,https://katysbarandgrill.com/weekly-specials/,Lunch/dinner category.,wilmington_specials_coverage_atlas_v0
master-0153,Kornerstone Bistro,Wilmington area,mussel_special,Other Food Special,mussel_special,Unclassified,,,,No,,Unknown,Unknown,No,tier_1_official,Official source,source_backed_seed,B_source_backed_needs_capture,Yes,capture/evidence cleanup,,kornerstone-bistro-mussel-special,https://www.kornerstonebistro.com/,Repo candidate lists Tuesday half-price mussels.,wilmington_specials_coverage_atlas_v0
master-0154,Moe's Original BBQ - Wilmington,Oleander / Wilmington,Daily Special Sides,Daily / Weekly Specials,daily_special_sides,Lunch / Dinner,daily,,not captured,No,dine-in/takeout/catering,Yes,Unknown,No,tier_1_official,Official source,source_backed_same_day_capture_needed,B_source_backed_needs_capture,Yes,capture/evidence cleanup; manual review,Same-day capture or direct confirmation of current daily special side.,moe-s-original-bbq-wilmington-daily-special-sides,https://www.moesoriginalbbq.com/lo/wilmington/,"Official Wilmington page says Moe’s standard sides are listed but they are constantly creating new, daily, special sides and asks users to contact location for daily special sides.",C_Blocker_Exhaustion
master-0155,On Thyme Restaurant,,Happy-hour food lead,Happy Hour Food,happy_hour_food_lead,Unclassified,,,,Yes,,Unknown,Unknown,No,,Secondary lead,blocked_official_source_unavailable,D_checked_no_offer_found,Yes,Secondary lead,,on-thyme-restaurant-happy-hour-food-lead,https://www.restaurantji.com/nc/wilmington/on-thyme-restaurant-/,Official website unavailable; social inaccessible; no exact offer.,wilmington_high_signal_promotability_pass4
master-0156,On Thyme Restaurant,,Happy-hour food signal,Happy Hour Food,happy_hour_food,Unclassified,,,,Yes,,Unknown,Unknown,No,tier_4_secondary,Secondary lead,needs_official_source,C_strong_lead_needs_official_source,Yes,Secondary lead; official confirmation needed,,on-thyme-restaurant-happy-hour-food-signal,https://www.restaurantji.com/nc/wilmington/on-thyme-restaurant-/,Restaurantji More Info lists happy-hour food; official site fetch returned 502.,wilmington_run_queue_direct_pass3
master-0157,Ponysaurus Brewing Co. Wilmington,Downtown / Market St,"wing_special, pizza_special, burger_special, flatbread_special, takeout_possible",Carryout / Takeout,"wing_special, pizza_special, burger_special, flatbread_special, takeout_possible",Unclassified,,,,No,,Yes,Unknown,No,tier_1_official,Official source,source_backed_candidate,B_source_backed_needs_capture,Yes,capture/evidence cleanup,,ponysaurus-brewing-co-wilmington-wing-special-pizza-special-burger-special-flatbread-special-takeout-possible,https://www.ponysaurusbrewing.com/ilm,Official page lists weekly food specials and Wilmington address.,wilmington_specials_coverage_atlas_v0
master-0158,Ponysaurus Brewing Co. Wilmington,,1/2 price burgers and veggie burgers,Burgers,weekly_food_special,Dinner,Wednesday,,50% off,No,dine_in_or_order_at_bar,Unknown,Unknown,No,tier_1_official,Official source,source_backed_candidate,B_source_backed_needs_capture,Yes,capture/evidence cleanup,,ponysaurus-brewing-co-wilmington-1-2-price-burgers-and-veggie-burgers,https://www.ponysaurusbrewing.com/ilm,Food-only copy available.,wilmington_specials_coverage_atlas_v0
master-0159,Ponysaurus Brewing Co. Wilmington,,1/2 price wings,Wings,weekly_food_special,Dinner,Monday,,50% off,No,dine_in_or_order_at_bar,Unknown,Unknown,No,tier_1_official,Official source,source_backed_candidate,B_source_backed_needs_capture,Yes,capture/evidence cleanup,,ponysaurus-brewing-co-wilmington-1-2-price-wings,https://www.ponysaurusbrewing.com/ilm,Food-bearing weekly special.,wilmington_specials_coverage_atlas_v0
master-0160,Ponysaurus Brewing Co. Wilmington,,$10 1 topping pizzas,Pizza,weekly_food_special,Dinner,Tuesday,,$10,No,dine_in_or_takeout_possible,Yes,Unknown,No,tier_1_official,Official source,source_backed_candidate,B_source_backed_needs_capture,Yes,capture/evidence cleanup,,ponysaurus-brewing-co-wilmington-10-1-topping-pizzas,https://www.ponysaurusbrewing.com/ilm,Ordering food to-go is supported elsewhere on page.,wilmington_specials_coverage_atlas_v0
master-0161,Ponysaurus Brewing Co. Wilmington,,$5 flat breads,Other Food Special,weekly_food_special,Dinner,Thursday,,$5,No,dine_in_or_order_at_bar,Unknown,Unknown,No,tier_1_official,Official source,source_backed_candidate,B_source_backed_needs_capture,Yes,capture/evidence cleanup,,ponysaurus-brewing-co-wilmington-5-flat-breads,https://www.ponysaurusbrewing.com/ilm,New relative to earlier fixture set; needs review.,wilmington_specials_coverage_atlas_v0
master-0162,Prost Biergarten,,Happy Hour Food Menu,Happy Hour Food,happy_hour_food,Happy Hour,Happy Hour 4–6; Sunday page lists 4–9,,$5–$10 items,Yes,dine_in,Unknown,Unknown,No,tier_1_official,Official source,needs_review,B_source_backed_needs_capture,Yes,capture/evidence cleanup; screenshot/archive needed,,prost-biergarten-happy-hour-food-menu,https://prostilm.com/wilmington-prost-biergarten-food-menu,Need screenshot and exact days/availability from specials page.,wilmington_net_new_discovery_pass1
master-0163,Rebellion NC,Downtown,"burger_special, wing_special, communal_grub",Wings,"burger_special, wing_special, communal_grub",Unclassified,,,,No,,Unknown,Unknown,No,tier_1_official,Official source,source_backed_candidate,B_source_backed_needs_capture,Yes,capture/evidence cleanup,,rebellion-nc-burger-special-wing-special-communal-grub,https://rebellionnc.com/files/2025/03/DAILY-FEATURES-as-of-03.31.2025-01.jpg,"Repo seed supports food-only half-price burgers, communal grub, and wings from official Daily Features image.",wilmington_specials_coverage_atlas_v0
master-0164,RUMCOW.,,Happy-hour food lead,Happy Hour Food,happy_hour_food_lead,Unclassified,,,,Yes,,Unknown,Unknown,No,,Secondary lead,blocked_official_source_needed,C_strong_lead_needs_official_source,Yes,Secondary lead; official confirmation needed,,rumcow-happy-hour-food-lead,https://www.restaurantji.com/nc/wilmington/rumcow-/,Official source not accessible; no exact/current terms.,wilmington_high_signal_promotability_pass4
master-0165,RUMCOW.,Downtown / Grace Street,Happy-hour food lead,Happy Hour Food,happy_hour_food_lead,Dinner,,,,Yes,dine-in; takeout/delivery listed by secondary,Yes,Yes,No,tier_4_secondary_lead_plus_official_social_blocked,Official social,blocked_official_source_needed,B_source_backed_needs_capture,Yes,capture/evidence cleanup,,rumcow-happy-hour-food-lead,https://www.facebook.com/RumcowWilmington/,Official source not accessible; no exact/current terms.,wilmington_high_signal_promotability_pass4
master-0166,RUMCOW.,,Happy-hour food signal,Happy Hour Food,happy_hour_food,Unclassified,,,,Yes,,Unknown,Unknown,No,tier_4_secondary,Secondary lead,needs_official_source,C_strong_lead_needs_official_source,Yes,Secondary lead; official confirmation needed,,rumcow-happy-hour-food-signal,https://www.restaurantji.com/nc/wilmington/rumcow-/,Restaurantji More Info indicates happy-hour food.,wilmington_run_queue_direct_pass3
master-0167,Rx Chicken & Oysters,Castle Street / Downtown,"oyster_special, happy_hour_food, brunch",Happy Hour Food,"oyster_special, happy_hour_food, brunch",Brunch,,,,Yes,,Unknown,Unknown,No,tier_1_official,Official source,source_backed_candidate,B_source_backed_needs_capture,Yes,capture/evidence cleanup,,rx-chicken-oysters-oyster-special-happy-hour-food-brunch,https://www.rxwilmington.com/,Official homepage lists oyster happy hour Wednesday-Friday.,wilmington_specials_coverage_atlas_v0
master-0168,Rx Chicken & Oysters,,1/2 price oysters on the half shell,Happy Hour Food,happy_hour,Happy_Hour,Wednesday;Thursday;Friday,,50% off,Yes,dine_in,Unknown,Unknown,No,tier_1_official,Official source,source_backed_candidate,B_source_backed_needs_capture,Yes,capture/evidence cleanup,,rx-chicken-oysters-1-2-price-oysters-on-the-half-shell,https://www.rxwilmington.com/,Happy hour food.,wilmington_specials_coverage_atlas_v0
master-0169,SeaWitch Tiki Bar,Carolina Beach,Rotating dinner specials + drink specials,Daily / Weekly Specials,rotating_dinner_specials_lead,Dinner,event-linked daily/rotating,,not captured,No,dine-in likely,Unknown,Unknown,No,tier_1_official,Official source,food_signal_without_exact_terms; drink_only_specials_suppressed,E_suppressed_or_drink_only,Yes,,"Direct/official-social capture of rotating dinner specials with item, price, and date.",seawitch-tiki-bar-rotating-dinner-specials-drink-specials,https://seawitchtikibar.com/,"Official event text says to ask server/bartender about rotating dinner specials; menus page lists drink specials only, which are suppressed for public food deal flow.",C_Blocker_Exhaustion
master-0170,Shuckin' Shack Oyster Bar - Leland,Leland / Belville,America 250 Summer Menu,Other Food Special,limited_time_menu_image,Unknown,summer 2026,,image-only,No,dine-in/takeout unclear,Yes,Unknown,No,tier_1_official,Official source,official_image_only_menu,B_source_backed_needs_capture,Yes,capture/evidence cleanup; screenshot/archive needed,"Visual extraction/screenshot of America 250 Summer Menu image, then location-scope review.",shuckin-shack-oyster-bar-leland-america-250-summer-menu,https://www.theshuckinshack.com/shuckinshack2026summermenu,Official Leland location page confirms the restaurant and links America 250 Summer Menu; menu page is image-only in accessible text.,C_Blocker_Exhaustion
master-0171,Shuckin' Shack Oyster Bar - Wilmington,Downtown / Wilmington,"oyster_special, wing_special, happy_hour_food",Happy Hour Food,"oyster_special, wing_special, happy_hour_food",Unclassified,,,,Yes,,Unknown,Unknown,No,tier_1_official,Official source,source_backed_candidate,B_source_backed_needs_capture,Yes,capture/evidence cleanup,,shuckin-shack-oyster-bar-wilmington-oyster-special-wing-special-happy-hour-food,https://www.theshuckinshack.com/events/oysters-and-wings-happy-hour,Official event page is Wilmington-only and food-bearing.,wilmington_specials_coverage_atlas_v0
master-0172,Shuckin' Shack Oyster Bar - Wilmington,,$1.50 Local North Carolina raw oysters,Happy Hour Food,happy_hour,Late_Afternoon,Monday;Tuesday;Wednesday;Thursday,,$1.50 each,Yes,dine_in,Unknown,Unknown,No,tier_1_official,Official source,source_backed_candidate,B_source_backed_needs_capture,Yes,capture/evidence cleanup,,shuckin-shack-oyster-bar-wilmington-1-50-local-north-carolina-raw-oysters,https://www.theshuckinshack.com/events/oysters-and-wings-happy-hour,Location-specific official event page.,wilmington_specials_coverage_atlas_v0
master-0173,Shuckin' Shack Oyster Bar - Wilmington,,$1.75 whole wings,Happy Hour Food,happy_hour,Late_Afternoon,Monday;Tuesday;Wednesday;Thursday,,$1.75 each,Yes,dine_in,Unknown,Unknown,No,tier_1_official,Official source,source_backed_candidate,B_source_backed_needs_capture,Yes,capture/evidence cleanup,,shuckin-shack-oyster-bar-wilmington-1-75-whole-wings,https://www.theshuckinshack.com/events/oysters-and-wings-happy-hour,Location-specific official event page.,wilmington_specials_coverage_atlas_v0
master-0174,Shuckin' Shack Oyster Bar - Wilmington,,$2 Local North Carolina chargrilled oysters,Happy Hour Food,happy_hour,Late_Afternoon,Monday;Tuesday;Wednesday;Thursday,,$2 each,Yes,dine_in,Unknown,Unknown,No,tier_1_official,Official source,source_backed_candidate,B_source_backed_needs_capture,Yes,capture/evidence cleanup,,shuckin-shack-oyster-bar-wilmington-2-local-north-carolina-chargrilled-oysters,https://www.theshuckinshack.com/events/oysters-and-wings-happy-hour,Location-specific official event page.,wilmington_specials_coverage_atlas_v0
master-0175,South Beach Grill,Wrightsville Beach,Chef's Chalkboard Specials,Daily / Weekly Specials,chalkboard_specials,Lunch / Dinner,evolving chalkboard,,PDF not captured,No,dine-in likely,Unknown,Unknown,No,tier_1_official,Official source,official_signal_pdf_fetch_failed,B_source_backed_needs_capture,Yes,capture/evidence cleanup; manual review,Manual/browser PDF capture of Chalkboard-june-2026.pdf.,south-beach-grill-chef-s-chalkboard-specials,https://www.southbeachgrillwb.com/,Official homepage says Chef sources local ingredients and menu additions are featured on an evolving chalkboard; Chalkboard Menu PDF link exists but PDF fetch failed.,C_Blocker_Exhaustion
master-0176,South Front Tavern,South Front District,"empanadas, quesadillas, burger_special, bar_bites, happy_hour_food, brunch_drink_suppressed",Happy Hour Food,"empanadas, quesadillas, burger_special, bar_bites, happy_hour_food, brunch_drink_suppressed",Brunch,,,,Yes,,Unknown,Unknown,No,tier_1_official,Official source,source_backed_candidate,B_source_backed_needs_capture,Yes,capture/evidence cleanup,,south-front-tavern-empanadas-quesadillas-burger-special-bar-bites-happy-hour-food-brunch-drink-suppressed,https://www.southfronttavern.com/,Official homepage lists weekly specials and $5 happy-hour bar bites.,wilmington_specials_coverage_atlas_v0
master-0177,South Front Tavern,,1/2 price quesadillas,Mexican / Tacos,weekly_food_special,Dinner,Wednesday,,50% off,No,dine_in_only,Unknown,Unknown,No,tier_1_official,Official source,source_backed_candidate,B_source_backed_needs_capture,Yes,capture/evidence cleanup,,south-front-tavern-1-2-price-quesadillas,https://www.southfronttavern.com/,Restriction captured.,wilmington_specials_coverage_atlas_v0
master-0178,South Front Tavern,,$4 empanadas,Other Food Special,weekly_food_special,Dinner,Monday,,$4,No,unknown,Unknown,Unknown,No,tier_1_official,Official source,source_backed_candidate,B_source_backed_needs_capture,Yes,capture/evidence cleanup,,south-front-tavern-4-empanadas,https://www.southfronttavern.com/,Food component separated.,wilmington_specials_coverage_atlas_v0
master-0179,South Front Tavern,,$5 bar bites from 12-6,Happy Hour Food,happy_hour,Lunch / Happy Hour,Friday,,$5,Yes,unknown,Unknown,Unknown,No,tier_1_official,Official source,source_backed_candidate,B_source_backed_needs_capture,Yes,capture/evidence cleanup,,south-front-tavern-5-bar-bites-from-12-6,https://www.southfronttavern.com/,Happy hour row separated from Mon-Fri 4-6 general bar bites.,wilmington_specials_coverage_atlas_v0
master-0180,South Front Tavern,,$5 happy hour bar bites,Happy Hour Food,happy_hour,Happy Hour,Monday;Tuesday;Wednesday;Thursday;Friday,,$5,Yes,bar_and_outside_high_tops,Unknown,Unknown,No,tier_1_official,Official source,source_backed_candidate,B_source_backed_needs_capture,Yes,capture/evidence cleanup,,south-front-tavern-5-happy-hour-bar-bites,https://www.southfronttavern.com/,Happy hour first-class.,wilmington_specials_coverage_atlas_v0
master-0181,South Front Tavern,,$5 SmashBurger with Tavern Fries,Burgers,weekly_food_special,Dinner,Thursday,,$5,No,dine_in_only,Unknown,Unknown,No,tier_1_official,Official source,source_backed_candidate,B_source_backed_needs_capture,Yes,capture/evidence cleanup,,south-front-tavern-5-smashburger-with-tavern-fries,https://www.southfronttavern.com/,Restriction captured.,wilmington_specials_coverage_atlas_v0
master-0182,Tacobaby,Downtown,"lunch_special, taco_special",Lunch Special,"lunch_special, taco_special",Lunch,,,,No,,Unknown,Unknown,No,tier_1_official,Official source,source_backed_seed,B_source_backed_needs_capture,Yes,capture/evidence cleanup,,tacobaby-lunch-special-taco-special,https://tacobabyusa.com/,Repo deal-candidate file lists official homepage daily lunch special.,wilmington_specials_coverage_atlas_v0
master-0183,Tequila Comida & Cantina Waterfront,,$2 tacos lead,Mexican / Tacos,taco_special_lead,Unclassified,,,,No,,Unknown,Unknown,No,tier_4_secondary,Secondary lead,needs_official_source,C_strong_lead_needs_official_source,Yes,Secondary lead; official confirmation needed,,tequila-comida-cantina-waterfront-2-tacos-lead,https://www.restaurantji.com/nc/wilmington/tequilas-waterfront-/,Restaurantji review mentions $2 tacos; official site did not prove it.,wilmington_run_queue_direct_pass3
master-0184,Tequila's Waterfront,,Coverage / source row,Other Food Special,,Unclassified,,,,No,,Unknown,Unknown,No,,Missing source,,B_source_backed_needs_capture,Yes,Missing source; capture/evidence cleanup; screenshot/archive needed; missing source url,,tequila-s-waterfront-coverage-source-row,,Needs image/screenshot capture of weekly deals section; secondary review cannot publish.,wilmington_high_signal_promotability_pass4
master-0185,Tequila's Waterfront,Northern Riverfront / Harnett Street,Weekly Deals menu section,Other Food Special,weekly_deals_signal,Lunch / Dinner,,,Secondary lead says $2 tacos; official price not captured.,No,dine-in / DoorDash,Unknown,Unknown,No,tier_1_official,Official source,blocked_image_menu_ocr_needed,B_source_backed_needs_capture,Yes,capture/evidence cleanup; screenshot/archive needed,,tequila-s-waterfront-weekly-deals-menu-section,https://tequilaswaterfront.com/,Needs image/screenshot capture of weekly deals section; secondary review cannot publish.,wilmington_high_signal_promotability_pass4
master-0186,Tequila's Waterfront,,Weekly Deals menu section,Other Food Special,weekly_deals_signal,Unclassified,,,Secondary lead says $2 tacos; official price not captured.,No,,Unknown,Unknown,No,,Source URL present,blocked_image_menu_ocr_needed,B_source_backed_needs_capture,Yes,Source URL present; capture/evidence cleanup; screenshot/archive needed,,tequila-s-waterfront-weekly-deals-menu-section,https://tequilaswaterfront.com/menus/,Needs image/screenshot capture of weekly deals section; secondary review cannot publish.,wilmington_high_signal_promotability_pass4
master-0187,The Basics,,Coverage / source row,Other Food Special,,Unclassified,,,,No,,Unknown,Unknown,No,,Source URL present,,B_source_backed_needs_capture,Yes,Source URL present; capture/evidence cleanup; screenshot/archive needed,,the-basics-coverage-source-row,https://thebasicsilm.com/,Dynamic daily specials require capture date and screenshot.,wilmington_net_new_discovery_pass1
master-0188,The Basics,,Today’s Specials,Daily / Weekly Specials,daily_food_special,Breakfast / Brunch / Lunch,Dynamic daily specials,,$17.25 examples,No,dine_in/takeout,Yes,Unknown,No,tier_1_official,Official source,needs_review,B_source_backed_needs_capture,Yes,capture/evidence cleanup; screenshot/archive needed,,the-basics-today-s-specials,https://thebasicsilm.com/,Dynamic source; must capture date/screenshot; likely not stable recurring.,wilmington_net_new_discovery_pass1
master-0189,The Bridge Tender,,Nightly Feature link,Other Food Special,nightly_feature,Dinner,,,,No,,Unknown,Unknown,No,tier_1_official,Official source,source_backed_signal,B_source_backed_needs_capture,Yes,capture/evidence cleanup,,the-bridge-tender-nightly-feature-link,https://www.thebridgetender.com/,Official site has a Nightly Feature link.,wilmington_run_queue_direct_pass3
master-0190,The Bridge Tender,Wrightsville Beach / Wilmington boundary,Nightly Feature signal,Other Food Special,nightly_feature_signal,Dinner,Dinner Tuesday-Sunday 4-9 PM on official homepage; exact feature schedule not captured.,,,No,dine-in,Unknown,Unknown,No,tier_1_official,Official source,blocked_visual_capture_needed,B_source_backed_needs_capture,Yes,capture/evidence cleanup,,the-bridge-tender-nightly-feature-signal,https://www.thebridgetender.com/,"Feature page inaccessible to fetch; no exact item, price, or current date.",wilmington_high_signal_promotability_pass4
master-0191,The Cardinal,Wilmington area,"pizza_special, burger_special",Burgers,"pizza_special, burger_special",Unclassified,,,,No,,Unknown,Unknown,No,tier_1_official,Official source,source_backed_seed,B_source_backed_needs_capture,Yes,capture/evidence cleanup,,the-cardinal-pizza-special-burger-special,https://thecardinalilm.com/,Repo candidate lists half-price pizza and $5 burgers from official site.,wilmington_specials_coverage_atlas_v0
master-0192,Tidewater Oyster Bar,,Coverage / source row,Other Food Special,,Unclassified,,,,No,,Unknown,Unknown,No,,Missing source,,B_source_backed_needs_capture,Yes,Missing source; capture/evidence cleanup; screenshot/archive needed; missing source url,,tidewater-oyster-bar-coverage-source-row,,Need screenshot/source capture and reviewer decision because specials may rotate.,wilmington_high_signal_promotability_pass4
master-0193,Tidewater Oyster Bar,,Daily & Weekly Specials,Daily / Weekly Specials,weekly_specials,Unclassified,,,,No,,Unknown,Unknown,No,tier_1_official,Official source,source_backed_signal,B_source_backed_needs_capture,Yes,capture/evidence cleanup,,tidewater-oyster-bar-daily-weekly-specials,https://tidewateroysterbar.com/,"Official site says daily/weekly specials, from oyster deals to Creole platters.",wilmington_run_queue_direct_pass3
master-0194,Tidewater Oyster Bar,,Family-style feasts signal,Family Meals / Packs,family_meal,Unclassified,,,,No,,Unknown,Unknown,Yes,tier_1_official,Official source,source_backed_signal,B_source_backed_needs_capture,Yes,capture/evidence cleanup,,tidewater-oyster-bar-family-style-feasts-signal,https://tidewateroysterbar.com/,Official newsletter copy mentions family-style feasts.,wilmington_run_queue_direct_pass3
master-0195,Tidewater Oyster Bar,,Oyster specials/deals signal,Seafood / Oysters,oyster_special,Unclassified,,,,No,,Unknown,Unknown,No,tier_1_official,Official source,source_backed_signal,B_source_backed_needs_capture,Yes,capture/evidence cleanup,,tidewater-oyster-bar-oyster-specials-deals-signal,https://tidewateroysterbar.com/,Official newsletter copy mentions oyster specials and fresh-catch deals.,wilmington_run_queue_direct_pass3
master-0196,True Blue Butcher & Table,Mayfaire / The Forum,"burger_special, appetizer_special, happy_hour_food",Happy Hour Food,"burger_special, appetizer_special, happy_hour_food",Unclassified,,,,Yes,,Unknown,Unknown,No,tier_1_official,Official source,source_backed_candidate,B_source_backed_needs_capture,Yes,capture/evidence cleanup,,true-blue-butcher-table-burger-special-appetizer-special-happy-hour-food,https://www.wearetrueblue.com/truebluebutcherandtable,Official page lists weekly deals and experiences including burger Wednesday and half-priced-app happy hour.,wilmington_specials_coverage_atlas_v0
master-0197,True Blue Butcher & Table,,$7 smash burgers,Burgers,weekly_food_special,Dinner,Wednesday,,$7,No,dine_in,Unknown,Unknown,No,tier_1_official,Official source,source_backed_candidate,B_source_backed_needs_capture,Yes,capture/evidence cleanup,,true-blue-butcher-table-7-smash-burgers,https://www.wearetrueblue.com/truebluebutcherandtable,Concept-specific.,wilmington_specials_coverage_atlas_v0
master-0198,True Blue Butcher & Table,,half-priced appetizers at bar/patio,Happy Hour Food,happy_hour,Happy_Hour,Friday;Saturday,,50% off,Yes,bar_or_patio,Unknown,Unknown,No,tier_1_official,Official source,source_backed_candidate,B_source_backed_needs_capture,Yes,capture/evidence cleanup,,true-blue-butcher-table-half-priced-appetizers-at-bar-patio,https://www.wearetrueblue.com/truebluebutcherandtable,Happy hour food row.,wilmington_specials_coverage_atlas_v0
master-0199,Whiskey Trail,Masonboro / Midtown,"wing_special, burger_discount, mixed_food_alcohol",Wings,"wing_special, burger_discount, mixed_food_alcohol",Unclassified,,,,No,,Unknown,Unknown,No,tier_1_official,Official source,source_backed_candidate,B_source_backed_needs_capture,Yes,capture/evidence cleanup,,whiskey-trail-wing-special-burger-discount-mixed-food-alcohol,https://whiskeytrailsportspub.com/wilmington-whiskey-trail-happy-hours-specials/,Official specials page lists daily specials and two Wilmington locations.,wilmington_specials_coverage_atlas_v0
master-0200,Whiskey Trail,,10 wings for $10,Wings,weekly_food_special,Dinner,Wednesday,,$10,No,dine_in_only,Unknown,Unknown,No,tier_1_official,Official source,source_backed_candidate,B_source_backed_needs_capture,Yes,capture/evidence cleanup,,whiskey-trail-10-wings-for-10,https://whiskeytrailsportspub.com/wilmington-whiskey-trail-happy-hours-specials/,Dine-in only.,wilmington_specials_coverage_atlas_v0
master-0201,Whiskey Trail,,$3 off all burgers,Burgers,weekly_food_special,Dinner,Thursday,,$3 off,No,dine_in_only,Unknown,Unknown,No,tier_1_official,Official source,source_backed_candidate,B_source_backed_needs_capture,Yes,capture/evidence cleanup,,whiskey-trail-3-off-all-burgers,https://whiskeytrailsportspub.com/wilmington-whiskey-trail-happy-hours-specials/,Dine-in only.,wilmington_specials_coverage_atlas_v0
master-0202,Wrightsville Beach Brewery,,Coverage / source row,Other Food Special,,Unclassified,,,,No,,Unknown,Unknown,No,,Missing source,,B_source_backed_needs_capture,Yes,Missing source; capture/evidence cleanup; screenshot/archive needed; missing source url,,wrightsville-beach-brewery-coverage-source-row,,Needs review decision and screenshot/source_capture; exact discount window not specified.,wilmington_high_signal_promotability_pass4
master-0203,Wrightsville Beach Brewery,,Flounder special lead,Other Food Special,weekly_food_special_lead,Unclassified,,,,No,,Unknown,Unknown,No,tier_4_secondary,Secondary lead,needs_official_source,C_strong_lead_needs_official_source,Yes,Secondary lead; official confirmation needed,,wrightsville-beach-brewery-flounder-special-lead,https://www.restaurantji.com/nc/wilmington/wrightsville-beach-brewery-/,Restaurantji summary mentions flounder special; official site menu is PDF/static.,wilmington_run_queue_direct_pass3
master-0204,Za Pie Pizzeria,Wilmington area,"takeout_special, combo, pizza_special",Carryout / Takeout,"takeout_special, combo, pizza_special",Unclassified,,,,No,,Yes,Unknown,No,tier_1_official,Official source,source_backed_seed,B_source_backed_needs_capture,Yes,capture/evidence cleanup,,za-pie-pizzeria-takeout-special-combo-pizza-special,https://www.zapie.com/menu,Repo candidate lists One Stop Special and Dinner for Two.,wilmington_specials_coverage_atlas_v0
master-0205,Amanecer Cocina & Café,,Rewards/free-food points signal,Other Food Special,loyalty_signal,Unclassified,,,,No,,Unknown,Unknown,No,tier_1_official,Official source,lead_only,C_strong_lead_needs_official_source,Yes,official confirmation needed,,amanecer-cocina-caf-rewards-free-food-points-signal,https://amanecercocina.com/,Official site has rewards program: earn points and redeem for free food.,wilmington_run_queue_direct_pass3
master-0206,Benny's Big Time Pizzeria,South Front District,"pizza_special?, combo?",Pizza,"pizza_special?, combo?",Unclassified,,,,No,,Unknown,Unknown,No,tier_1_official,Official source,lead,C_strong_lead_needs_official_source,Yes,official confirmation needed,,benny-s-big-time-pizzeria-pizza-special-combo,https://www.bennysbigtime.com/,Repo source found; exact combo lead remains unverified.,wilmington_specials_coverage_atlas_v0
master-0207,Benny’s Big Time Pizzeria,South Front District / Wilmington,loyalty_lead_not_public_deal,Other Food Special,rewards_offer,Unclassified,,,,No,,Unknown,Unknown,No,tier_1_official,Official source,loyalty_lead_not_public_deal,C_strong_lead_needs_official_source,Yes,official confirmation needed,,benny-s-big-time-pizzeria-loyalty-lead-not-public-deal,https://www.bennysbigtime.com/,"Official site says rewards earn 1 point per $1 spent, 50 points for signing up, and a free pizza with as little as 200 points.",wilmington_strategic_sweeps_pass9_2026-07-06
master-0208,Bento Box,,Coverage / source row,Other Food Special,,Unclassified,,,,No,,Unknown,Unknown,No,,Source URL present,,C_strong_lead_needs_official_source,Yes,Source URL present; official confirmation needed,,bento-box-coverage-source-row,https://www.bentoboxsushi.com/menu,Lunch combination terms captured but prices missing from text; PDF/menu visual needed,wilmington_greater_area_specials_pass7
master-0209,Brent's Bistro,Wrightsville Ave,Weekly menus on official Facebook,Other Food Special,weekly_menu_signal,Dinner,Tuesday-Sunday evening 5 PM onward; exact weekly menu dates not captured.,,,No,dine-in,Unknown,Unknown,No,tier_1_official,Official source,blocked_official_social_needed,C_strong_lead_needs_official_source,Yes,official confirmation needed,,brent-s-bistro-weekly-menus-on-official-facebook,https://brentsbistro.com/,Facebook fetch blocked; exact weekly menu unavailable.,wilmington_high_signal_promotability_pass4
master-0210,Brent's Bistro,,Weekly menus via Facebook,Other Food Special,weekly_menu,Unclassified,,,,No,,Unknown,Unknown,No,tier_1_official,Official source,needs_official_social_capture,C_strong_lead_needs_official_source,Yes,official confirmation needed,,brent-s-bistro-weekly-menus-via-facebook,https://brentsbistro.com/,Official site says to check Facebook for weekly menus.,wilmington_run_queue_direct_pass3
master-0211,Bridgewater Wines + Dines,Wilmington area,entree_discount?,Other Food Special,entree_discount?,Unclassified,,,,No,,Unknown,Unknown,No,tier_1_official,Official source,lead,C_strong_lead_needs_official_source,Yes,official confirmation needed,,bridgewater-wines-dines-entree-discount,https://bridgewaterwines.com/,Repo says exact entree lead remains unverified and wine context needs food-only copy.,wilmington_specials_coverage_atlas_v0
master-0212,Buffalo Wild Wings – Carolina Beach Rd,Carolina Beach Road,Chain wing-deal lead,Wings,weekly_special_lead,Lunch / Dinner,,,,No,dine_in; takeout,Yes,Unknown,No,tier_4_secondary_lead_only,Secondary lead,,C_strong_lead_needs_official_source,Yes,Secondary lead; official confirmation needed,,buffalo-wild-wings-carolina-beach-rd-chain-wing-deal-lead,https://www.restaurantji.com/nc/wilmington/chicken-wings/,Restaurantji confirms location in wing category; exact official BOGO/weekday deal not captured in this pass.,wilmington_strategic_sweeps_pass8_2026-07-06
master-0213,Carolina Ale House – Wilmington,College Road,Happy-hour food lead,Happy Hour Food,happy_hour_food,Happy Hour,,,,Yes,dine_in,Unknown,Unknown,No,tier_1_official_plus_secondary_lead,Official source,,C_strong_lead_needs_official_source,Yes,official confirmation needed,,carolina-ale-house-wilmington-happy-hour-food-lead,https://www.carolinaalehouse.com/locations/wilmington-nc,Official location page confirms Wilmington address/hours; promotions page has Wilmington selector but no visible food-special text in fetched content. Restaurantji marks 'happy-hour food.',wilmington_strategic_sweeps_pass8_2026-07-06
master-0214,Carolina Ale House - Wilmington,College Road / Wilmington,lead_official_specials_surface,Lunch Special,daily_lunch_specials_lead,Lunch,,,,No,,Unknown,Unknown,No,tier_1_official,Official source,lead_official_specials_surface,C_strong_lead_needs_official_source,Yes,official confirmation needed,,carolina-ale-house-wilmington-lead-official-specials-surface,https://www.carolinaalehouse.com/locations/wilmington-nc,Official location page confirms Wilmington location and links promotions/order; menu page exposes a Daily Lunch Specials menu anchor but exact items did not render for Wilmington in accessible text.,wilmington_strategic_sweeps_pass9_2026-07-06
master-0215,Ceviche's,Wrightsville Beach / Wilmington boundary,weekday_specials?,Daily / Weekly Specials,weekday_specials?,Unclassified,,,,No,,Unknown,Unknown,No,tier_1_official,Official source,lead,C_strong_lead_needs_official_source,Yes,official confirmation needed,,ceviche-s-weekday-specials,https://www.wbceviche.com/menu,Repo notes most weekday specials are drink-focused and need food-only review.,wilmington_specials_coverage_atlas_v0
master-0216,City Barbeque,Carolina Beach Road,Rib Bone Tuesday,BBQ / Ribs,weekly_special,All Day Tuesday,,,,No,dine_in; takeout,Yes,Unknown,No,tier_1_official_plus_location_secondary,Official source,,C_strong_lead_needs_official_source,Yes,official confirmation needed,,city-barbeque-rib-bone-tuesday,https://www.citybbq.com/,"Official City BBQ menu lists Rib Bone Tuesday: enjoy ribs by the bone at a discount every Tuesday, all day long. Restaurantji confirms the Wilmington location at 3824 Carolina Beach Rd.",wilmington_strategic_sweeps_pass8_2026-07-06
master-0217,City Barbeque - Wilmington,,Coverage / source row,Other Food Special,,Unclassified,,,,No,,Unknown,Unknown,No,tier_1_official,Official source,,C_strong_lead_needs_official_source,Yes,official confirmation needed,,city-barbeque-wilmington-coverage-source-row,https://www.citybbq.com/menu,Official menu URL reachable but accessible text did not expose Rib Bone Tuesday terms in this pass; Pass 8 retained the lead for local ordering capture.,wilmington_strategic_sweeps_pass9_2026-07-06
master-0218,City Barbeque - Wilmington,Carolina Beach Road / Wilmington,Rib Bone Tuesday lead,BBQ / Ribs,bbq_weekly_special_lead,All_Day,Tuesday all day lead,,not captured,No,dine-in/takeout unclear,Yes,Unknown,No,tier_4_secondary_lead_only,Secondary lead,official_menu_fetch_blank; exact local terms not captured,C_strong_lead_needs_official_source,Yes,Secondary lead; official confirmation needed; manual review,Capture local ordering/menu page or direct confirmation.,city-barbeque-wilmington-rib-bone-tuesday-lead,https://www.citybbq.com/menu,Prior passes flagged Rib Bone Tuesday; official menu source did not expose usable text in this pass. Local price/terms still unproven.,C_Blocker_Exhaustion
master-0219,City Barbeque - Wilmington,Carolina Beach Road / Wilmington,source_checked_text_not_available,BBQ / Ribs,weekly_bbq_lead,Unclassified,,,,No,,Unknown,Unknown,No,tier_1_official,Official source,source_checked_text_not_available,C_strong_lead_needs_official_source,Yes,official confirmation needed,,city-barbeque-wilmington-source-checked-text-not-available,https://www.citybbq.com/menu,Official menu URL reachable but accessible text did not expose Rib Bone Tuesday terms in this pass; Pass 8 retained the lead for local ordering capture.,wilmington_strategic_sweeps_pass9_2026-07-06
master-0220,Dockside Restaurant,Wrightsville Beach / Airlie Road,checked_no_offer_found,Other Food Special,coverage_only,Unclassified,,,,No,,Unknown,Unknown,No,tier_1_official,Official source,checked_no_offer_found,D_checked_no_offer_found,Yes,,,dockside-restaurant-checked-no-offer-found,https://www.thedockside.com/,Official page confirms lunch daily at 11:30 and location; no exact food special/happy hour captured in accessible text.,wilmington_strategic_sweeps_pass9_2026-07-06
master-0221,Dram Yard / Gazebo Bar,Downtown / Riverfront,"happy_hour?, bar_bites?",Happy Hour Food,"happy_hour?, bar_bites?",Unclassified,,,,Yes,,Unknown,Unknown,No,tier_1_official,Official source,lead,C_strong_lead_needs_official_source,Yes,official confirmation needed,,dram-yard-gazebo-bar-happy-hour-bar-bites,https://www.dramyard.com/gazebo-bar,Repo seed says official source found but exact seed deal terms remain unverified.,wilmington_specials_coverage_atlas_v0
master-0222,Flying Machine Oyster Bar,Wrightsville Beach / Wilmington boundary,"oyster_special?, taco_special?",Mexican / Tacos,"oyster_special?, taco_special?",Unclassified,,,,No,,Unknown,Unknown,No,tier_1_official,Official source,lead,C_strong_lead_needs_official_source,Yes,official confirmation needed,,flying-machine-oyster-bar-oyster-special-taco-special,https://www.flyingmachine.com/oyster-bar,Boundary-sensitive; keep out of main feed unless Wilmington relevance is explicit.,wilmington_specials_coverage_atlas_v0
master-0223,Fork 'N' Cork,Downtown / Market Street,0,Other Food Special,,Unclassified,,,,No,,Unknown,Unknown,No,tier_2_official_social,Official source,active_unverified_source_gap,C_strong_lead_needs_official_source,Yes,official confirmation needed,,fork-n-cork-0,https://www.facebook.com/theforkncork,Secondary directory points to official Facebook rather than a first-party website.,wilmington_net_new_discovery_pass1
master-0224,Four Corners Wrightsville Beach,Wrightsville Beach boundary,specials?,Daily / Weekly Specials,specials?,Unclassified,,,,No,,Unknown,Unknown,No,tier_1_official,Official source,lead,C_strong_lead_needs_official_source,Yes,official confirmation needed,,four-corners-wrightsville-beach-specials,https://fourcornerswb.com/-specials,Repo says source found with Wilmington address; boundary wording needed.,wilmington_specials_coverage_atlas_v0
master-0225,Frontier Food To Go,Carolina Beach Road,Old-school burger/hot dog value menu,Carryout / Takeout,takeout_value,Lunch / Dinner,,,,No,takeout; delivery,Yes,Yes,No,tier_4_secondary_lead_only,Secondary lead,,C_strong_lead_needs_official_source,Yes,Secondary lead; official confirmation needed,,frontier-food-to-go-old-school-burger-hot-dog-value-menu,https://www.restaurantji.com/nc/wilmington/frontier-food-to-go-/,"Restaurantji describes Frontier as cheap bites, good value, burgers/hot dogs/fries; exact special terms absent.",wilmington_strategic_sweeps_pass8_2026-07-06
master-0226,Frontier Food To Go,Carolina Beach Road,Value/meal-deal lead only,Carryout / Takeout,takeout_value,Lunch / Dinner,,,,No,takeout; delivery,Yes,Yes,No,tier_4_secondary_lead_only,Secondary lead,,C_strong_lead_needs_official_source,Yes,Secondary lead; official confirmation needed,,frontier-food-to-go-value-meal-deal-lead-only,https://www.restaurantji.com/nc/wilmington/frontier-food-to-go-/,"Restaurantji describes Frontier as cheap bites/great value/meal deal and lists burgers, hot dogs, and BBQ; no exact official special or recurring offer captured.",wilmington_strategic_sweeps_pass8_2026-07-06
master-0227,Frontier Food To Go,Carolina Beach Road / Wilmington,Value/takeout combo lead,Carryout / Takeout,takeout_combo_lead,Lunch / Dinner,not captured,,not captured,No,takeout,Yes,Unknown,No,tier_4_secondary_lead_only,Secondary lead,menu_image_secondary_lead_only,C_strong_lead_needs_official_source,Yes,Secondary lead; official confirmation needed; manual review; missing source url,Menu-image capture or direct confirmation.,frontier-food-to-go-value-takeout-combo-lead,,Prior passes mapped value/takeout/menu-image lead but no exact official special captured.,C_Blocker_Exhaustion
master-0228,Goody Goody Omelet House,Downtown-ish / breakfast,breakfast_source_gap,Breakfast,breakfast_source_gap,Breakfast,,,,No,,Unknown,Unknown,No,tier_4_secondary,Secondary lead,,C_strong_lead_needs_official_source,Yes,Secondary lead; official confirmation needed,,goody-goody-omelet-house-breakfast-source-gap,https://www.restaurantji.com/nc/wilmington/goody-goody-omelet-house-/,"Directory confirms breakfast/diner candidate, but no official source/special captured in this pass.",wilmington_run_queue_direct_pass3
master-0229,Hibachi To Go,Market Street / Ogden edge,No exact special captured,Other Food Special,coverage_only,Unclassified,,,,No,takeout; delivery,Yes,Yes,No,tier_4_secondary_lead_only,Secondary lead,,C_strong_lead_needs_official_source,Yes,Secondary lead; official confirmation needed,,hibachi-to-go-no-exact-special-captured,https://www.restaurantji.com/nc/wilmington/hibachi-to-go-2/,"Restaurantji lists Hibachi To Go at 7028 Market St, with menu images but no text-captured official special. Takeout/delivery and kids menu signals are present.",wilmington_strategic_sweeps_pass8_2026-07-06
master-0230,JohnnyLukes KitchenBar,Market Street,Happy-hour food signal,Happy Hour Food,happy_hour_food,Happy Hour,,,,Yes,dine_in,Unknown,Unknown,No,tier_4_secondary_lead_only,Secondary lead,,C_strong_lead_needs_official_source,Yes,Secondary lead; official confirmation needed,,johnnylukes-kitchenbar-happy-hour-food-signal,https://www.restaurantji.com/nc/wilmington/johnnylukes-kitchenbar-/,Restaurantji lists JohnnyLukes and marks 'happy hour food'; exact terms not captured and official website fetch failed.,wilmington_strategic_sweeps_pass8_2026-07-06
master-0231,JohnnyLukes KitchenBar,Wilmington,Happy-hour food signal,Happy Hour Food,happy_hour_food_lead,Happy_Hour,not captured,,not captured,Yes,unknown,Unknown,Unknown,No,tier_4_secondary_lead_only,Secondary lead,secondary_lead_only_official_terms_not_captured,C_strong_lead_needs_official_source,Yes,Secondary lead; official confirmation needed; manual review; missing source url,Manual official website/social capture or direct call.,johnnylukes-kitchenbar-happy-hour-food-signal,,Prior passes flagged Restaurantji happy-hour-food signal; official terms still not captured. Not promotion-ready.,C_Blocker_Exhaustion
master-0232,Junction 421,Military Cutoff / Mayfaire,happy_hour_food_lead,Happy Hour Food,happy_hour_food_lead,Unclassified,,,,Yes,,Unknown,Unknown,No,tier_1_official + tier_4_secondary,Official source,,C_strong_lead_needs_official_source,Yes,official confirmation needed,,junction-421-happy-hour-food-lead,https://junction421.com/,"Restaurantji indicates happy-hour food; official site has Bar Appetizers, a specials signup, and official-site review copy referencing daily specials.",wilmington_run_queue_direct_pass3
master-0233,Junction 421,,happy_hour_food,Happy Hour Food,happy_hour_food,Unclassified,,,,Yes,,Unknown,Unknown,No,,Source URL present,,C_strong_lead_needs_official_source,Yes,Source URL present; official confirmation needed,,junction-421-happy-hour-food,https://junction421.com/,HH food secondary signal + official bar appetizers,wilmington_run_queue_direct_pass3
master-0234,Junction 421,,Daily Specials Signal,Daily / Weekly Specials,daily_special_signal,Dinner,Not itemized on official site,,,No,dine_in/takeout,Yes,Unknown,No,tier_1_official,Official source,needs_review,C_strong_lead_needs_official_source,Yes,official confirmation needed,,junction-421-daily-specials-signal,https://junction421.com/,"No exact current offer, price, schedule, or restrictions; use as source-queue lead only.",wilmington_net_new_discovery_pass1
master-0235,Junction 421,,Happy-hour food signal,Happy Hour Food,happy_hour_food,Unclassified,,,,Yes,,Unknown,Unknown,No,tier_4_secondary,Secondary lead,needs_exact_terms,C_strong_lead_needs_official_source,Yes,Secondary lead; official confirmation needed,,junction-421-happy-hour-food-signal,https://www.restaurantji.com/nc/wilmington/junction-421-/,Restaurantji indicates happy-hour food; official site has bar appetizers.,wilmington_run_queue_direct_pass3
master-0236,Kickback Jack's Restaurant,College Road,Sports-bar wing/specials lead,Wings,weekly_special_lead,Lunch / Dinner,,,,No,dine_in; takeout,Yes,Unknown,No,tier_4_secondary_lead_only,Secondary lead,,C_strong_lead_needs_official_source,Yes,Secondary lead; official confirmation needed,,kickback-jack-s-restaurant-sports-bar-wing-specials-lead,https://www.restaurantji.com/nc/wilmington/sports-bars/,"Restaurantji sports-bar category lists Kickback Jack's with wings/tenders/ribs-shrimp favorites, but no exact special captured.",wilmington_strategic_sweeps_pass8_2026-07-06
master-0237,Kyoto Asian Grille,,Coverage / source row,Other Food Special,,Unclassified,,,,No,,Unknown,Unknown,No,,Secondary lead,lead_only_secondary_source,C_strong_lead_needs_official_source,Yes,Secondary lead; official confirmation needed,,kyoto-asian-grille-coverage-source-row,https://www.restaurantji.com/nc/wilmington/kyoto-asian-grille-/,Find official/ordering menu; direct-confirm if no official terms.,wilmington_promotable_candidates_pass6_hibachi
master-0238,Little Dipper Fondue,Downtown Wilmington,experience_lead_not_deal,Date Night / Prix Fixe,date_night_lead,Dinner,,,,No,,Unknown,Unknown,No,tier_1_official,Official source,experience_lead_not_deal,C_strong_lead_needs_official_source,Yes,official confirmation needed,,little-dipper-fondue-experience-lead-not-deal,https://www.littledipperfondue.com/,Official page has Date Night copy with cheese fondue/chocolate fondue pairing idea but no price/discount/special schedule captured.,wilmington_strategic_sweeps_pass9_2026-07-06
master-0239,MISSION BBQ,College Road,No exact special captured,Other Food Special,coverage_only,Unclassified,,,,No,dine_in; takeout; delivery,Yes,Yes,No,tier_4_secondary_lead_only,Secondary lead,,C_strong_lead_needs_official_source,Yes,Secondary lead; official confirmation needed,,mission-bbq-no-exact-special-captured,https://www.restaurantji.com/nc/wilmington/mission-bbq-/,"Restaurantji confirms location/menu, kids pulled pork sliders as favorite, takeout/delivery, but no recurring special captured.",wilmington_strategic_sweeps_pass8_2026-07-06
master-0240,Mizuki Japan,,Coverage / source row,Other Food Special,,Unclassified,,,,No,,Unknown,Unknown,No,,Secondary lead,lead_only_secondary_source,C_strong_lead_needs_official_source,Yes,Secondary lead; official confirmation needed,,mizuki-japan-coverage-source-row,https://www.restaurantji.com/nc/wilmington/japanese/,Find official menu/order source; do not promote from Restaurantji alone.,wilmington_promotable_candidates_pass6_hibachi
master-0241,Moe's Original BBQ,Oleander Drive,No exact special captured,Other Food Special,coverage_only,Unclassified,,,,No,dine_in; takeout; delivery,Yes,Yes,No,tier_4_secondary_lead_only,Secondary lead,,C_strong_lead_needs_official_source,Yes,Secondary lead; official confirmation needed,,moe-s-original-bbq-no-exact-special-captured,https://www.restaurantji.com/nc/wilmington/moes-original-bbq-/,"Restaurantji confirms Moe's Wilmington, menu/order links, takeout/delivery, no exact special signal captured.",wilmington_strategic_sweeps_pass8_2026-07-06
master-0242,Nippy's Soul Food,Carolina Beach Road,0,Other Food Special,,Unclassified,,,,No,,Unknown,Unknown,No,tier_1_official,Official source,unknown_active_needs_manual,C_strong_lead_needs_official_source,Yes,official confirmation needed,,nippy-s-soul-food-0,https://nippyssoulfood.square.site/,Southern Living lists it; official Square source returned no readable content in this pass.,wilmington_net_new_discovery_pass1
master-0243,On Thyme Restaurant,,happy_hour_food,Happy Hour Food,happy_hour_food,Unclassified,,,,Yes,,Unknown,Unknown,No,,Source URL present,,C_strong_lead_needs_official_source,Yes,Source URL present; official confirmation needed,,on-thyme-restaurant-happy-hour-food,https://www.oohyougotthyme.com/,Secondary source says happy-hour food,wilmington_run_queue_direct_pass3
master-0244,Peño Mediterranean Grill,Wilmington + Leland/nearby,checked_no_offer_found,Other Food Special,coverage_only,Unclassified,,,,No,,Unknown,Unknown,No,tier_1_official,Official source,checked_no_offer_found,D_checked_no_offer_found,Yes,,,pe-o-mediterranean-grill-checked-no-offer-found,https://www.penogrill.com,Official homepage/locations/happenings surfaces checked; no active special captured in text; site promotes dine-in/takeout/catering and locations.,wilmington_strategic_sweeps_pass9_2026-07-06
master-0245,PinPoint Restaurant,Downtown,oyster_special?,Seafood / Oysters,oyster_special?,Unclassified,,,,No,,Unknown,Unknown,No,tier_1_official,Official source,lead,C_strong_lead_needs_official_source,Yes,official confirmation needed,,pinpoint-restaurant-oyster-special,https://pinpointrestaurant.com/,Repo flags public-hold source gap and stale signals.,wilmington_specials_coverage_atlas_v0
master-0246,RUMCOW.,,happy_hour_food,Happy Hour Food,happy_hour_food,Unclassified,,,,Yes,,Unknown,Unknown,No,,Secondary lead,,C_strong_lead_needs_official_source,Yes,Secondary lead; official confirmation needed,,rumcow-happy-hour-food,https://www.restaurantji.com/nc/wilmington/rumcow-/,Secondary source says happy-hour food,wilmington_run_queue_direct_pass3
master-0247,Seabird,Downtown,oyster_special?,Seafood / Oysters,oyster_special?,Unclassified,,,,No,,Unknown,Unknown,No,tier_1_official,Official source,lead,C_strong_lead_needs_official_source,Yes,official confirmation needed,,seabird-oyster-special,https://www.seabirdnc.com/home,Official source found in repo; exact oyster deal remains unverified.,wilmington_specials_coverage_atlas_v0
master-0248,SeaWitch Tiki Bar,,Coverage / source row,Other Food Special,,Unclassified,,,,No,,Unknown,Unknown,No,,Source URL present,,E_suppressed_or_drink_only,Yes,Source URL present,,seawitch-tiki-bar-coverage-source-row,https://seawitchtikibar.com/,Official page has food & drink specials and rotating dinner-special cue but no item/price; drink-only specials suppressed,wilmington_greater_area_specials_pass7
master-0249,Shuckin’ Shack Leland,,Coverage / source row,Other Food Special,,Unclassified,,,,No,,Unknown,Unknown,No,,Source URL present,,C_strong_lead_needs_official_source,Yes,Source URL present; official confirmation needed,,shuckin-shack-leland-coverage-source-row,https://www.theshuckinshack.com/shuckinshack2026summermenu,America 250 Summer Menu is visible as an image; exact terms not extracted,wilmington_greater_area_specials_pass7
master-0250,Slice of Life Pizzeria & Pub,Downtown / Wilmington area,pizza_special?,Pizza,pizza_special?,Unclassified,,,,No,,Unknown,Unknown,No,tier_1_official,Official source,lead,C_strong_lead_needs_official_source,Yes,official confirmation needed,,slice-of-life-pizzeria-pub-pizza-special,https://www.grabslice.com/,Repo says official source found but exact food-special evidence still needs capture.,wilmington_specials_coverage_atlas_v0
master-0251,Smithfield's Chicken 'N Bar-B-Q – Market St,Market Street,Tailgate Special lead,Family Meals / Packs,family_takeout,Lunch / Dinner,,,,No,takeout,Yes,Unknown,Yes,tier_4_secondary_lead_only,Secondary lead,,C_strong_lead_needs_official_source,Yes,Secondary lead; official confirmation needed,,smithfield-s-chicken-n-bar-b-q-market-st-tailgate-special-lead,https://www.restaurantji.com/nc/wilmington/barbeque/,Restaurantji BBQ category lists 'The Tailgate Special' among customer favorites for the Market Street Smithfield's location.,wilmington_strategic_sweeps_pass8_2026-07-06
master-0252,Smithfield's Chicken 'N Bar-B-Q - Wilmington,Wilmington,Tailgate Special lead,Family Meals / Packs,family_pack_takeout_lead,Lunch / Dinner,not captured,,not captured,No,takeout,Yes,Unknown,Yes,tier_4_secondary_lead_only,Secondary lead,secondary_lead_only_official_terms_not_captured,C_strong_lead_needs_official_source,Yes,Secondary lead; official confirmation needed; manual review,Find official menu/order page terms or direct confirmation.,smithfield-s-chicken-n-bar-b-q-wilmington-tailgate-special-lead,https://www.scnbnc.com/,Prior passes flagged Tailgate Special from secondary lead; official exact Wilmington terms not captured.,C_Blocker_Exhaustion
master-0253,Smokin’ Jimmies Express,Carolina Beach Road,Wing/shrimp combo lead,Seafood / Oysters,combo_special_lead,Lunch / Dinner,,,,No,takeout,Yes,Unknown,No,tier_4_secondary_lead_only,Secondary lead,,C_strong_lead_needs_official_source,Yes,Secondary lead; official confirmation needed,,smokin-jimmies-express-wing-shrimp-combo-lead,https://www.restaurantji.com/nc/wilmington/chicken-wings/,"Restaurantji lists several wing/shrimp combos among customer favorites, but no official/current source captured.",wilmington_strategic_sweeps_pass8_2026-07-06
master-0254,South Beach Grill,,Coverage / source row,Other Food Special,,Unclassified,,,,No,,Unknown,Unknown,No,,Source URL present,,C_strong_lead_needs_official_source,Yes,Source URL present; official confirmation needed,,south-beach-grill-coverage-source-row,https://www.southbeachgrillwb.com/,Chef's Chalkboard Specials link points to June 2026 PDF but PDF fetch failed; need browser/PDF capture,wilmington_greater_area_specials_pass7
master-0255,Tavern 14,Market Street,Wing/burger lead,Wings,weekly_special_lead,Lunch / Dinner,,,,No,dine_in,Unknown,Unknown,No,tier_4_secondary_lead_only,Secondary lead,,C_strong_lead_needs_official_source,Yes,Secondary lead; official confirmation needed,,tavern-14-wing-burger-lead,https://www.restaurantji.com/nc/wilmington/sports-bars/,"Restaurantji category lists Tavern 14 with wings, wraps, burgers, quesadillas; no exact special captured.",wilmington_strategic_sweeps_pass8_2026-07-06
master-0256,Tequila Comida & Cantina Waterfront,Downtown / Riverfront,taco_special_lead,Mexican / Tacos,taco_special_lead,Unclassified,,,,No,,Unknown,Unknown,No,tier_1_official + tier_4_secondary,Official source,,C_strong_lead_needs_official_source,Yes,official confirmation needed,,tequila-comida-cantina-waterfront-taco-special-lead,https://tequilaswaterfront.com/,Restaurantji review mentions an 'amazing deal with $2 tacos'; official site confirms the restaurant/menu but did not expose the $2 taco special in captured text.,wilmington_run_queue_direct_pass3
master-0257,Tequila Waterfront,,taco_special,Mexican / Tacos,taco_special,Unclassified,,,,No,,Unknown,Unknown,No,,Source URL present,,C_strong_lead_needs_official_source,Yes,Source URL present; official confirmation needed,,tequila-waterfront-taco-special,https://tequilaswaterfront.com/,$2 taco is secondary review lead only,wilmington_run_queue_direct_pass3
master-0258,The Eagles Dare,Downtown Wilmington,event_food_lead,Other Food Special,event_food_lead,Unclassified,,,,No,,Unknown,Unknown,No,tier_1_official,Official source,event_food_lead,C_strong_lead_needs_official_source,Yes,official confirmation needed,,the-eagles-dare-event-food-lead,https://www.theeaglesdare.com/,"Official site says Events include music, food, and community all summer long; no recurring food special or price captured.",wilmington_strategic_sweeps_pass9_2026-07-06
master-0259,The Getaway Cafe and Provisions,Riverlights / southern edge,brunch_no_offer_yet,Brunch,brunch_no_offer_yet,Brunch,,,,No,,Unknown,Unknown,No,tier_1_official,Official source,,C_strong_lead_needs_official_source,Yes,official confirmation needed,,the-getaway-cafe-and-provisions-brunch-no-offer-yet,https://thegetawaync.com/,"Official site has Food Menu, Pick Up Catering, Venue Rentals, Events, and ordering; Restaurantji summarizes brunch/lunch items but no special.",wilmington_run_queue_direct_pass3
master-0260,The Getaway Cafe and Provisions,,Brunch/lunch menu and events surfaces,Brunch,brunch_source_gap,Brunch / Lunch,,,,No,,Unknown,Unknown,No,tier_1_official,Official source,no_offer_yet,C_strong_lead_needs_official_source,Yes,official confirmation needed,,the-getaway-cafe-and-provisions-brunch-lunch-menu-and-events-surfaces,https://thegetawaync.com/,Official site has Food Menu and Events; Restaurantji describes breakfast/brunch/lunch items.,wilmington_run_queue_direct_pass3
master-0261,The Keg and Egg,Masonboro / South Wilmington,breakfast_source_gap,Breakfast,breakfast_source_gap,Breakfast,,,,No,,Unknown,Unknown,No,tier_4_secondary,Secondary lead,,C_strong_lead_needs_official_source,Yes,Secondary lead; official confirmation needed,,the-keg-and-egg-breakfast-source-gap,https://www.restaurantji.com/nc/wilmington/the-keg-and-egg-/,"Directory confirms breakfast/beer bar, menu images, kids menu, takeout/delivery; no special terms captured.",wilmington_run_queue_direct_pass3
master-0262,The Keg and Egg,,Breakfast / beer bar coverage signal,Breakfast,breakfast_source_gap,Breakfast,,,,No,,Unknown,Unknown,No,tier_4_secondary,Secondary lead,no_offer_yet,C_strong_lead_needs_official_source,Yes,Secondary lead; official confirmation needed,,the-keg-and-egg-breakfast-beer-bar-coverage-signal,https://www.restaurantji.com/nc/wilmington/the-keg-and-egg-/,"Directory confirms breakfast/beer bar, takeout/delivery and kids menu.",wilmington_run_queue_direct_pass3
master-0263,The Kitchen Sink,,Weekly Soups,Other Food Special,weekly_food_special,Lunch,Weekly; posted on social media,,,No,dine_in/takeout/delivery,Yes,Yes,No,tier_1_official,Official source,needs_manual_social_review,C_strong_lead_needs_official_source,Yes,official confirmation needed,,the-kitchen-sink-weekly-soups,https://thekitchensinkilm.com/,Needs social capture; not enough for publication.,wilmington_net_new_discovery_pass1
master-0264,Tokyo Express Grill,,Coverage / source row,Other Food Special,,Unclassified,,,,No,,Unknown,Unknown,No,,Source URL present,secondary_queue_not_counted,C_strong_lead_needs_official_source,Yes,Source URL present; official confirmation needed,,tokyo-express-grill-coverage-source-row,https://tokyoexpressgrill.com/,Later browser capture of Anniversary Promotions page.,wilmington_promotable_candidates_pass6_hibachi
master-0265,Tower 7,,Coverage / source row,Other Food Special,,Unclassified,,,,No,,Unknown,Unknown,No,,Source URL present,,C_strong_lead_needs_official_source,Yes,Source URL present; official confirmation needed,,tower-7-coverage-source-row,https://www.tower7.com/menu/wrightsville-menu/,Specials tab items are exact but need review to confirm rotating specials qualify as meaningful food offers,wilmington_greater_area_specials_pass7
master-0266,True Blue Butcher & Barrel,South Front / Greenfield,burger_special?,Burgers,burger_special?,Unclassified,,,,No,,Unknown,Unknown,No,tier_1_official,Official source,lead,C_strong_lead_needs_official_source,Yes,official confirmation needed,,true-blue-butcher-barrel-burger-special,https://www.wearetrueblue.com/butcherandbarrel,Repo says do not merge with Butcher & Table evidence.,wilmington_specials_coverage_atlas_v0
master-0267,Waterline Brewing Co.,South Front / Riverfront edge,brewery_event_food_gap,Other Food Special,brewery_event_food_gap,Unclassified,,,,No,,Unknown,Unknown,No,tier_4_secondary,Secondary lead,,C_strong_lead_needs_official_source,Yes,Secondary lead; official confirmation needed,,waterline-brewing-co-brewery-event-food-gap,https://www.restaurantji.com/nc/wilmington/waterline-brewing-co-/,"Restaurantji confirms brewery, address, website, events, take-out; no food-bearing offer captured in text.",wilmington_run_queue_direct_pass3
master-0268,Wrightsville Beach Brewery,Oleander / Wrightsville Ave,brewery_food_special_lead,Other Food Special,brewery_food_special_lead,Unclassified,,,,No,,Unknown,Unknown,No,tier_1_official + tier_4_secondary,Official source,,C_strong_lead_needs_official_source,Yes,official confirmation needed,,wrightsville-beach-brewery-brewery-food-special-lead,https://www.wbbeer.com/,Restaurantji page mentions a flounder special and Tuesday beer; official site confirms brewpub/oyster-house identity and has a menu PDF link.,wilmington_run_queue_direct_pass3
master-0269,Wrightsville Beach Brewery,,weekly_food_special,Other Food Special,weekly_food_special,Unclassified,,,,No,,Unknown,Unknown,No,,Source URL present,,C_strong_lead_needs_official_source,Yes,Source URL present; official confirmation needed,,wrightsville-beach-brewery-weekly-food-special,https://www.wbbeer.com/,Secondary lead mentions flounder special,wilmington_run_queue_direct_pass3
master-0270,Wrightsville Beach Brewery,,Tuesday beer signal,Other Food Special,drink_only_or_mixed,Unclassified,,,,No,,Unknown,Unknown,No,tier_4_secondary,Secondary lead,suppressed_market_signal,E_suppressed_or_drink_only,Yes,Secondary lead,,wrightsville-beach-brewery-tuesday-beer-signal,https://www.restaurantji.com/nc/wilmington/wrightsville-beach-brewery-/,Restaurantji summary mentions Tuesday beer.,wilmington_run_queue_direct_pass3
master-0271,YoSake Downtown Sushi Lounge,Downtown,happy_hour? sushi?,Happy Hour Food,happy_hour? sushi?,Unclassified,,,,Yes,,Unknown,Unknown,No,tier_1_official,Official source,lead,C_strong_lead_needs_official_source,Yes,official confirmation needed,,yosake-downtown-sushi-lounge-happy-hour-sushi,https://yosake.com/,Repo warns mixed happy-hour copy needs food-only handling.,wilmington_specials_coverage_atlas_v0
master-0272,22 North,Wrightsville Beach,Coverage / source row,Other Food Special,,Unclassified,,,,No,,Unknown,Unknown,No,,Source URL present,Official site checked; no offer captured,D_checked_no_offer_found,Yes,Source URL present,,22-north-coverage-source-row,https://www.22northwb.com/,bar/restaurant with hours; no specials terms in accessible text,wilmington_greater_area_specials_pass7
master-0273,CheeseSmith,,Coverage / source row,Other Food Special,,Unclassified,,,,No,,Unknown,Unknown,No,,Source URL present,,D_checked_no_offer_found,Yes,Source URL present,,cheesesmith-coverage-source-row,https://www.cheesesmithco.com/cargodistrict,Source coverage found; no offer found in text.,wilmington_net_new_discovery_pass1
master-0274,Fish House Grill,Wrightsville Beach / Airlie Road,No exact special captured,Other Food Special,coverage_only,Unclassified,,,,No,dine-in,Unknown,Unknown,No,tier_1_official,Official source,checked_no_offer_found,D_checked_no_offer_found,Yes,,Recheck social or menu images only if new lead appears.,fish-house-grill-no-exact-special-captured,https://www.thefishhousegrill.com/,Official page confirms location/hours/menu surfaces but no meaningful special/deal terms in accessible text.,B_Aggressive_Search
master-0275,Floriana,,Coverage / source row,Other Food Special,,Unclassified,,,,No,,Unknown,Unknown,No,,Source URL present,,D_checked_no_offer_found,Yes,Source URL present,,floriana-coverage-source-row,https://www.florianailm.com/,Active source found; no offer signal.,wilmington_net_new_discovery_pass1
master-0276,On Thyme Restaurant,,Coverage / source row,Other Food Special,,Unclassified,,,,No,,Unknown,Unknown,No,,Missing source,,D_checked_no_offer_found,Yes,Missing source; missing source url,,on-thyme-restaurant-coverage-source-row,,Official website unavailable; social inaccessible; no exact offer.,wilmington_high_signal_promotability_pass4
master-0277,Peño Mediterranean Grill – College Rd,College Road,No active special captured,Other Food Special,coverage_only,Unclassified,,,,No,dine_in; takeout; catering,Yes,Unknown,No,tier_1_official,Official source,,D_checked_no_offer_found,Yes,,,pe-o-mediterranean-grill-college-rd-no-active-special-captured,https://www.penogrill.com/locations/college-rd-wilmington-nc,Official location page confirms College Rd Wilmington address and hours; official events page showed no listed happenings in this pass.,wilmington_strategic_sweeps_pass8_2026-07-06
master-0278,Peño Mediterranean Grill – Dusty Miller,Monkey Junction / South Wilmington,No active special captured,Other Food Special,coverage_only,Unclassified,,,,No,dine_in; takeout; catering,Yes,Unknown,No,tier_1_official,Official source,,D_checked_no_offer_found,Yes,,,pe-o-mediterranean-grill-dusty-miller-no-active-special-captured,https://www.penogrill.com/locations/dusty-miller-wilmington-nc,Official location page confirms Dusty Miller Wilmington address and hours; no text-accessible special captured.,wilmington_strategic_sweeps_pass8_2026-07-06
master-0279,The Sounder,,Coverage / source row,Other Food Special,,Unclassified,,,,No,,Unknown,Unknown,No,,Missing source,,D_checked_no_offer_found,Yes,Missing source; missing source url,,the-sounder-coverage-source-row,,No exact offer/price/schedule; PDF menus failed to fetch.,wilmington_high_signal_promotability_pass4
master-0280,Wilmington & Beaches official restaurant universe,Greater Wilmington,Market denominator source,Other Food Special,market_universe_source,Unclassified,,,,No,,Unknown,Unknown,No,tier_4_secondary_directory,Secondary lead,coverage_universe_source,C_strong_lead_needs_official_source,Yes,Secondary lead; official confirmation needed,"Use for restaurant universe enumeration, not publication evidence.",wilmington-beaches-official-restaurant-universe-market-denominator-source,https://www.wilmingtonandbeaches.com/restaurants/,"Official tourism page says the River District alone has more than 40 locally owned restaurants and pubs, useful as market denominator but not deal evidence.",B_Aggressive_Search
master-0281,Elijah's Oyster & Fish Camp,,$5 Mimosas,Other Food Special,drink_only_suppressed,Brunch,Sunday,,$5,No,dine_in,Unknown,Unknown,No,tier_1_official,Official source,suppressed,E_suppressed_or_drink_only,Yes,,,elijah-s-oyster-fish-camp-5-mimosas,https://www.elijahs.com/menu,Drink-only; capture but suppress from public food deals.,wilmington_net_new_discovery_pass1
master-0282,Michael's on the Waterfront,Downtown / Riverfront,drink_only_happy_hour,Happy Hour Food,drink_only_happy_hour,Unclassified,,,,Yes,,Unknown,Unknown,No,tier_1_official,Official source,,E_suppressed_or_drink_only,Yes,,,michael-s-on-the-waterfront-drink-only-happy-hour,https://www.michaelsonthewaterfront.com/bar,Official bar page lists weekly drink specials; official food page did not expose a matching food special in captured text.,wilmington_run_queue_direct_pass3
master-0283,Michael's on the Waterfront,,Weekly bar drink specials,Happy Hour Food,drink_only_happy_hour,Unclassified,,,,Yes,,Unknown,Unknown,No,tier_1_official,Official source,suppressed_market_signal,E_suppressed_or_drink_only,Yes,,,michael-s-on-the-waterfront-weekly-bar-drink-specials,https://www.michaelsonthewaterfront.com/bar,Official bar page lists weekly drink specials.,wilmington_run_queue_direct_pass3
master-0284,Prost Biergarten,,Bring Your Own Stein,Other Food Special,drink_only_suppressed,All_Day,Daily per specials page,,.35/oz,No,dine_in,Unknown,Unknown,No,tier_1_official,Official source,suppressed,E_suppressed_or_drink_only,Yes,,,prost-biergarten-bring-your-own-stein,https://prostilm.com/wilmington-prost-biergarten-happy-hours-specials,"Drink-only; retain market signal, not public food deal.",wilmington_net_new_discovery_pass1
master-0285,Prost Biergarten,,Lunch Special,Lunch Special,weekly_lunch_special,Lunch / Dinner,Tuesday 11 AM–4 PM,,$10,No,dine_in,Unknown,Unknown,No,tier_1_official,Official source,needs_review,E_suppressed_or_drink_only,Yes,,,prost-biergarten-lunch-special,https://prostilm.com/wilmington-prost-biergarten-food-menu,Alcohol-adjacent beer copy must be suppressed; verify recurrence/currentness.,wilmington_net_new_discovery_pass1
master-0286,The Basics,,Drink Specials,Daily / Weekly Specials,drink_only_suppressed,Brunch / Lunch,Dynamic daily specials,,$4–$9.50,No,dine_in,Unknown,Unknown,No,tier_1_official,Official source,suppressed,E_suppressed_or_drink_only,Yes,,,the-basics-drink-specials,https://thebasicsilm.com/,Drink-only; retain as market signal but not public food deal.,wilmington_net_new_discovery_pass1
master-0287,Amanecer Cocina & Café - Shipyard,Shipyard / Midtown,Coverage / source row,Other Food Special,,Unclassified,,,,No,,Unknown,Unknown,No,,Secondary lead,,C_strong_lead_needs_official_source,Yes,Secondary lead; official confirmation needed,,amanecer-cocina-caf-shipyard-coverage-source-row,https://www.restaurantji.com/nc/wilmington/,,wilmington_net_new_discovery_pass2
master-0288,Amanecer Cocina & Café - Shipyard,Shipyard / South Wilmington,breakfast_no_offer_yet,Breakfast,breakfast_no_offer_yet,Breakfast,,,,No,,Unknown,Unknown,No,tier_1_official,Official source,,Unclassified,No,,,amanecer-cocina-caf-shipyard-breakfast-no-offer-yet,https://amanecercocina.com/,"Official site confirms two Wilmington locations, breakfast/brunch/lunch service, online ordering, rewards, catering.",wilmington_run_queue_direct_pass3
master-0289,Backspin Social | Indoor Golf & Bar,Wilmington,Coverage / source row,Other Food Special,,Unclassified,,,,No,,Unknown,Unknown,No,,Secondary lead,,C_strong_lead_needs_official_source,Yes,Secondary lead; official confirmation needed,,backspin-social-indoor-golf-bar-coverage-source-row,https://www.restaurantji.com/nc/wilmington/,,wilmington_net_new_discovery_pass2
master-0290,bdobo Mongolian grill,Wilmington,Coverage / source row,Other Food Special,,Unclassified,,,,No,,Unknown,Unknown,No,,Secondary lead,,C_strong_lead_needs_official_source,Yes,Secondary lead; official confirmation needed,,bdobo-mongolian-grill-coverage-source-row,https://www.restaurantji.com/nc/wilmington/,,wilmington_net_new_discovery_pass2
master-0291,Beat Street,,Coverage / source row,Other Food Special,,Unclassified,,,,No,,Unknown,Unknown,No,,Missing source,,Unclassified,Yes,Missing source; missing source url,,beat-street-coverage-source-row,,,wilmington_net_new_discovery_pass2
master-0292,Beer Barrio,,Coverage / source row,Other Food Special,,Unclassified,,,,No,,Unknown,Unknown,No,,Missing source,,Unclassified,Yes,Missing source; missing source url,,beer-barrio-coverage-source-row,,,wilmington_net_new_discovery_pass2
master-0293,Benny's Big Time Pizzeria,,Coverage / source row,Other Food Special,,Unclassified,,,,No,,Unknown,Unknown,No,,Missing source,,Unclassified,Yes,Missing source; missing source url,,benny-s-big-time-pizzeria-coverage-source-row,,,wilmington_net_new_discovery_pass2
master-0294,Benny’s Big Time Pizzeria,,Coverage / source row,Other Food Special,,Unclassified,,,,No,,Unknown,Unknown,No,tier_1_official,Official source,,Unclassified,No,,,benny-s-big-time-pizzeria-coverage-source-row,https://www.bennysbigtime.com/,"Official site says rewards earn 1 point per $1 spent, 50 points for signing up, and a free pizza with as little as 200 points.",wilmington_strategic_sweeps_pass9_2026-07-06
master-0295,Big Thai Wilmington,Wilmington,Coverage / source row,Other Food Special,,Unclassified,,,,No,,Unknown,Unknown,No,,Source URL present,Official menu image checked; text not extractable,Unclassified,Yes,Source URL present,,big-thai-wilmington-coverage-source-row,https://bigthaiwilmington.com/menu/,visual menu capture needed if specials suspected,wilmington_greater_area_specials_pass7
master-0296,Block Taco,,Coverage / source row,Other Food Special,,Unclassified,,,,No,,Unknown,Unknown,No,,Missing source,,Unclassified,Yes,Missing source; missing source url,,block-taco-coverage-source-row,,,wilmington_net_new_discovery_pass2
master-0297,Blue Surf Cafe,,Coverage / source row,Other Food Special,,Unclassified,,,,No,,Unknown,Unknown,No,,Missing source,,Unclassified,Yes,Missing source; missing source url,,blue-surf-cafe-coverage-source-row,,,wilmington_net_new_discovery_pass2
master-0298,Blueberry’s Grill,Wilmington,Coverage / source row,Other Food Special,,Unclassified,,,,No,,Unknown,Unknown,No,,Secondary lead,,C_strong_lead_needs_official_source,Yes,Secondary lead; official confirmation needed,,blueberry-s-grill-coverage-source-row,https://www.restaurantji.com/nc/wilmington/,,wilmington_net_new_discovery_pass2
master-0299,Bluewater Waterfront Grill,Wrightsville Beach,Coverage / source row,Other Food Special,,Unclassified,,,,No,,Unknown,Unknown,No,,Source URL present,Official site checked; no exact special captured,Unclassified,Yes,Source URL present,,bluewater-waterfront-grill-coverage-source-row,https://www.bluewaterdining.com/,"fresh catch/seasonal sourcing only, not deal",wilmington_greater_area_specials_pass7
master-0300,Boathouse Restaurant,Wilmington,Coverage / source row,Other Food Special,,Unclassified,,,,No,,Unknown,Unknown,No,,Secondary lead,,C_strong_lead_needs_official_source,Yes,Secondary lead; official confirmation needed,,boathouse-restaurant-coverage-source-row,https://www.restaurantji.com/nc/wilmington/,,wilmington_net_new_discovery_pass2
master-0301,Bonefish Grill,Wilmington,Coverage / source row,Other Food Special,,Unclassified,,,,No,,Unknown,Unknown,No,,Secondary lead,,C_strong_lead_needs_official_source,Yes,Secondary lead; official confirmation needed,,bonefish-grill-coverage-source-row,https://www.restaurantji.com/nc/wilmington/,,wilmington_net_new_discovery_pass2
master-0302,Brasserie Du Soleil,Mayfaire / Lumina Station,Coverage / source row,Other Food Special,,Unclassified,,,,No,,Unknown,Unknown,No,,Secondary lead,,C_strong_lead_needs_official_source,Yes,Secondary lead; official confirmation needed,,brasserie-du-soleil-coverage-source-row,https://www.restaurantji.com/nc/wilmington/,,wilmington_net_new_discovery_pass2
master-0303,Brasserie du Soleil,Wilmington / Lumina Station,Coverage / source row,Other Food Special,,Unclassified,,,,No,,Unknown,Unknown,No,,Source URL present,Official site checked; no special captured,Unclassified,Yes,Source URL present,,brasserie-du-soleil-coverage-source-row,https://brasseriedusoleil.com/,menus/hours only; no deal signal,wilmington_greater_area_specials_pass7
master-0304,Brent's Bistro,Wilmington,Coverage / source row,Other Food Special,,Unclassified,,,,No,,Unknown,Unknown,No,,Secondary lead,,C_strong_lead_needs_official_source,Yes,Secondary lead; official confirmation needed,,brent-s-bistro-coverage-source-row,https://www.restaurantji.com/nc/wilmington/,,wilmington_net_new_discovery_pass2
master-0305,Brent's Bistro,Wrightsville Ave,weekly_menu_social,Other Food Special,weekly_menu_social,Unclassified,,,,No,,Unknown,Unknown,No,tier_1_official,Official source,,Unclassified,No,,,brent-s-bistro-weekly-menu-social,https://brentsbistro.com/,Official site instructs visitors to check Facebook for weekly menus.,wilmington_run_queue_direct_pass3
master-0306,Brent's Bistro,,weekly_menu,Other Food Special,weekly_menu,Unclassified,,,,No,,Unknown,Unknown,No,,Source URL present,,Unclassified,Yes,Source URL present,,brent-s-bistro-weekly-menu,https://brentsbistro.com/,Official site delegates current weekly menus to Facebook,wilmington_run_queue_direct_pass3
master-0307,Brent's Bistro,,Coverage / source row,Other Food Special,,Unclassified,,,,No,,Unknown,Unknown,No,,Missing source,,Unclassified,Yes,Missing source; missing source url,,brent-s-bistro-coverage-source-row,,Facebook fetch blocked; exact weekly menu unavailable.,wilmington_high_signal_promotability_pass4
master-0308,Bridgewater Wines + Dines,,Coverage / source row,Other Food Special,,Unclassified,,,,No,,Unknown,Unknown,No,,Missing source,,Unclassified,Yes,Missing source; missing source url,,bridgewater-wines-dines-coverage-source-row,,,wilmington_net_new_discovery_pass2
master-0309,Brooklyn Cafe,Wilmington,Coverage / source row,Other Food Special,,Unclassified,,,,No,,Unknown,Unknown,No,,Secondary lead,,C_strong_lead_needs_official_source,Yes,Secondary lead; official confirmation needed,,brooklyn-cafe-coverage-source-row,https://www.restaurantji.com/nc/wilmington/,,wilmington_net_new_discovery_pass2
master-0310,"Cafe Chinois - Wilmington, NC",Wilmington,Coverage / source row,Other Food Special,,Unclassified,,,,No,,Unknown,Unknown,No,,Secondary lead,,C_strong_lead_needs_official_source,Yes,Secondary lead; official confirmation needed,,cafe-chinois-wilmington-nc-coverage-source-row,https://www.restaurantji.com/nc/wilmington/,,wilmington_net_new_discovery_pass2
master-0311,Cape Fear Seafood Company - Monkey Junction,,Coverage / source row,Other Food Special,,Unclassified,,,,No,,Unknown,Unknown,No,,Missing source,,Unclassified,Yes,Missing source; missing source url,,cape-fear-seafood-company-monkey-junction-coverage-source-row,,,wilmington_net_new_discovery_pass2
master-0312,Cape Fear Seafood Company - Monkey Junction,,Weekend brunch specials,Breakfast,breakfast_brunch,Breakfast / Brunch,Saturday;Sunday,,,No,dine_in,Unknown,Unknown,No,tier_1_official,Official source,needs_review,Unclassified,No,,,cape-fear-seafood-company-monkey-junction-weekend-brunch-specials,https://capefearseafoodcompany.com/locations/monkey-junction/,"Flag as brunch signal, not necessarily deal.",wilmington_specials_coverage_atlas_v0
master-0313,Caprice Bistro,,Coverage / source row,Other Food Special,,Unclassified,,,,No,,Unknown,Unknown,No,,Missing source,,Unclassified,Yes,Missing source; missing source url,,caprice-bistro-coverage-source-row,,,wilmington_net_new_discovery_pass2
master-0314,Carolina Ale House - Wilmington,Wilmington,Coverage / source row,Other Food Special,,Unclassified,,,,No,,Unknown,Unknown,No,,Secondary lead,,C_strong_lead_needs_official_source,Yes,Secondary lead; official confirmation needed,,carolina-ale-house-wilmington-coverage-source-row,https://www.restaurantji.com/nc/wilmington/,,wilmington_net_new_discovery_pass2
master-0315,Carolina Ale House - Wilmington,,Coverage / source row,Other Food Special,,Unclassified,,,,No,,Unknown,Unknown,No,tier_1_official,Official source,,Unclassified,No,,,carolina-ale-house-wilmington-coverage-source-row,https://www.carolinaalehouse.com/locations/wilmington-nc,Official location page confirms Wilmington location and links promotions/order; menu page exposes a Daily Lunch Specials menu anchor but exact items did not render for Wilmington in accessible text.,wilmington_strategic_sweeps_pass9_2026-07-06
master-0316,Casey's Buffet,,Coverage / source row,Other Food Special,,Unclassified,,,,No,,Unknown,Unknown,No,,Source URL present,,Unclassified,Yes,Source URL present,,casey-s-buffet-coverage-source-row,https://www.caseysbuffet.com/southern-buffet-menu/,"Recurring buffet features, but deal-value gate uncertain.",wilmington_net_new_discovery_pass1
master-0317,Casey's Buffet,,Coverage / source row,Other Food Special,,Unclassified,,,,No,,Unknown,Unknown,No,,Missing source,,Unclassified,Yes,Missing source; missing source url,,casey-s-buffet-coverage-source-row,,,wilmington_net_new_discovery_pass2
master-0318,Casey's Buffet,Oleander,5,Other Food Special,,Unclassified,,,,No,,Unknown,Unknown,No,tier_1_official,Official source,active,Unclassified,No,,,casey-s-buffet-5,https://www.caseysbuffet.com/,Official menu lists day-specific buffet additions by weekday.,wilmington_net_new_discovery_pass1
master-0319,Casey's Buffet,,Friday Buffet Feature Lineup,Other Food Special,weekly_food_feature,Lunch / Dinner,Friday 11 AM–9 PM,,,No,dine_in/takeout,Yes,Unknown,No,tier_1_official,Official source,needs_review,Unclassified,No,,,casey-s-buffet-friday-buffet-feature-lineup,https://www.caseysbuffet.com/southern-buffet-menu/,"Deal-value gate uncertain; recurring buffet feature, not necessarily discounted.",wilmington_net_new_discovery_pass1
master-0320,Casey's Buffet,,Saturday Buffet Feature Lineup,Other Food Special,weekly_food_feature,Lunch / Dinner,Saturday 11 AM–9 PM,,,No,dine_in/takeout,Yes,Unknown,No,tier_1_official,Official source,needs_review,Unclassified,No,,,casey-s-buffet-saturday-buffet-feature-lineup,https://www.caseysbuffet.com/southern-buffet-menu/,"Deal-value gate uncertain; recurring buffet feature, not necessarily discounted.",wilmington_net_new_discovery_pass1
master-0321,Casey's Buffet,,Sunday Buffet Feature Lineup,Other Food Special,weekly_food_feature,Lunch / Dinner,Sunday 11 AM–9 PM,,,No,dine_in/takeout,Yes,Unknown,No,tier_1_official,Official source,needs_review,Unclassified,No,,,casey-s-buffet-sunday-buffet-feature-lineup,https://www.caseysbuffet.com/southern-buffet-menu/,"Deal-value gate uncertain; recurring buffet feature, not necessarily discounted.",wilmington_net_new_discovery_pass1
master-0322,Casey's Buffet,,Thursday Buffet Feature Lineup,Other Food Special,weekly_food_feature,Lunch / Dinner,Thursday 11 AM–9 PM,,,No,dine_in/takeout,Yes,Unknown,No,tier_1_official,Official source,needs_review,Unclassified,No,,,casey-s-buffet-thursday-buffet-feature-lineup,https://www.caseysbuffet.com/southern-buffet-menu/,"Deal-value gate uncertain; recurring buffet feature, not necessarily discounted.",wilmington_net_new_discovery_pass1
master-0323,Casey's Buffet,,Wednesday Buffet Feature Lineup,Other Food Special,weekly_food_feature,Lunch / Dinner,"Wednesday 11 AM–9 PM, item-specific windows",,,No,dine_in/takeout,Yes,Unknown,No,tier_1_official,Official source,needs_review,Unclassified,No,,,casey-s-buffet-wednesday-buffet-feature-lineup,https://www.caseysbuffet.com/southern-buffet-menu/,"Deal-value gate uncertain; recurring buffet feature, not necessarily discounted.",wilmington_net_new_discovery_pass1
master-0324,Ceviche's,,Coverage / source row,Other Food Special,,Unclassified,,,,No,,Unknown,Unknown,No,,Missing source,,Unclassified,Yes,Missing source; missing source url,,ceviche-s-coverage-source-row,,,wilmington_net_new_discovery_pass2
master-0325,Chart House Restaurant,Wilmington,Coverage / source row,Other Food Special,,Unclassified,,,,No,,Unknown,Unknown,No,,Secondary lead,,C_strong_lead_needs_official_source,Yes,Secondary lead; official confirmation needed,,chart-house-restaurant-coverage-source-row,https://www.restaurantji.com/nc/wilmington/,,wilmington_net_new_discovery_pass2
master-0326,CheeseSmith,,Coverage / source row,Other Food Special,,Unclassified,,,,No,,Unknown,Unknown,No,,Missing source,,Unclassified,Yes,Missing source; missing source url,,cheesesmith-coverage-source-row,,,wilmington_net_new_discovery_pass2
master-0327,CheeseSmith,Cargo District + Landfall,0,Other Food Special,,Unclassified,,,,No,,Unknown,Unknown,No,tier_1_official,Official source,active,Unclassified,No,,,cheesesmith-0,https://www.cheesesmithco.com/,Official pages confirm Cargo District and Landfall locations with order links.,wilmington_net_new_discovery_pass1
master-0328,Chris' Restaurant,Wilmington,Coverage / source row,Other Food Special,,Unclassified,,,,No,,Unknown,Unknown,No,,Secondary lead,,C_strong_lead_needs_official_source,Yes,Secondary lead; official confirmation needed,,chris-restaurant-coverage-source-row,https://www.restaurantji.com/nc/wilmington/,,wilmington_net_new_discovery_pass2
master-0329,Circa 1922,Downtown / Front Street,Coverage / source row,Other Food Special,,Unclassified,,,,No,,Unknown,Unknown,No,,Source URL present,,Unclassified,Yes,Source URL present,,circa-1922-coverage-source-row,https://www.circa1922.com/,,wilmington_net_new_discovery_pass2
master-0330,Circa 1922,Downtown / Riverfront,happy_hour_food,Happy Hour Food,happy_hour_food,Unclassified,,,,Yes,,Unknown,Unknown,No,tier_1_official,Official source,,Unclassified,No,,,circa-1922-happy-hour-food,https://www.circa1922.com/,Official site exposes a Happy Hour Bites menu link; image alt indicates happy-hour bar menu is available daily 5-7 PM.,wilmington_run_queue_direct_pass3
master-0331,City Barbeque,Carolina Beach Road,Family Pack,Family Meals / Packs,family_takeout,Lunch / Dinner,,,,No,takeout; catering,Yes,Unknown,Yes,tier_1_official,Official source,,Unclassified,No,,,city-barbeque-family-pack,https://www.citybbq.com/,"Official menu lists Family Pack: one pound signature meat, buns, two pint sides, and cornbread.",wilmington_strategic_sweeps_pass8_2026-07-06
master-0332,Copper Penny,,Coverage / source row,Other Food Special,,Unclassified,,,,No,,Unknown,Unknown,No,,Source URL present,,Unclassified,Yes,Source URL present,,copper-penny-coverage-source-row,https://www.copperpennync.com/,Official menu checked; no specials found.,wilmington_net_new_discovery_pass1
master-0333,Copper Penny,,Coverage / source row,Other Food Special,,Unclassified,,,,No,,Unknown,Unknown,No,,Missing source,,Unclassified,Yes,Missing source; missing source url,,copper-penny-coverage-source-row,,,wilmington_net_new_discovery_pass2
master-0334,Copper Penny,Downtown / Chestnut Street,0,Other Food Special,,Unclassified,,,,No,,Unknown,Unknown,No,tier_1_official,Official source,active,Unclassified,No,,,copper-penny-0,https://www.copperpennync.com/,Official site confirms menu/order and location; no specials text surfaced in checked menu.,wilmington_net_new_discovery_pass1
master-0335,Coquina Fishbar,,Coverage / source row,Other Food Special,,Unclassified,,,,No,,Unknown,Unknown,No,,Missing source,,Unclassified,Yes,Missing source; missing source url,,coquina-fishbar-coverage-source-row,,,wilmington_net_new_discovery_pass2
master-0336,Cornelia's Restaurant,Wilmington,Coverage / source row,Other Food Special,,Unclassified,,,,No,,Unknown,Unknown,No,,Secondary lead,,C_strong_lead_needs_official_source,Yes,Secondary lead; official confirmation needed,,cornelia-s-restaurant-coverage-source-row,https://www.restaurantji.com/nc/wilmington/,,wilmington_net_new_discovery_pass2
master-0337,Covey,Wilmington,Coverage / source row,Other Food Special,,Unclassified,,,,No,,Unknown,Unknown,No,,Secondary lead,,C_strong_lead_needs_official_source,Yes,Secondary lead; official confirmation needed,,covey-coverage-source-row,https://www.restaurantji.com/nc/wilmington/,,wilmington_net_new_discovery_pass2
master-0338,Crofton's Pretzels Wilmington,Wilmington,Coverage / source row,Other Food Special,,Unclassified,,,,No,,Unknown,Unknown,No,,Secondary lead,,C_strong_lead_needs_official_source,Yes,Secondary lead; official confirmation needed,,crofton-s-pretzels-wilmington-coverage-source-row,https://www.restaurantji.com/nc/wilmington/,,wilmington_net_new_discovery_pass2
master-0339,Cugino Forno,,specials_page,Daily / Weekly Specials,specials_page,Unclassified,,,,No,,Unknown,Unknown,No,,Source URL present,,Unclassified,Yes,Source URL present,,cugino-forno-specials-page,https://cuginoforno.com/specials,Official specials page empty/stay tuned,wilmington_run_queue_direct_pass3
master-0340,Cugino Forno Wilmington,Wilmington,Coverage / source row,Other Food Special,,Unclassified,,,,No,,Unknown,Unknown,No,,Secondary lead,,C_strong_lead_needs_official_source,Yes,Secondary lead; official confirmation needed,,cugino-forno-wilmington-coverage-source-row,https://www.restaurantji.com/nc/wilmington/,,wilmington_net_new_discovery_pass2
master-0341,Cugino Forno Wilmington,Soda Pop / Cargo-ish,specials_page_monitor,Daily / Weekly Specials,specials_page_monitor,Unclassified,,,,No,,Unknown,Unknown,No,tier_1_official,Official source,,Unclassified,No,,,cugino-forno-wilmington-specials-page-monitor,https://cuginoforno.com/specials,Official site has a Specials navigation item and Wilmington ordering/pizza-class links; Specials page says they are updating specials / stay tuned.,wilmington_run_queue_direct_pass3
master-0342,Cugino Forno Wilmington,,Specials page exists but says stay tuned,Daily / Weekly Specials,specials_page_monitor,Unclassified,,,,No,,Unknown,Unknown,No,tier_1_official,Official source,no_active_offer,Unclassified,No,,,cugino-forno-wilmington-specials-page-exists-but-says-stay-tuned,https://cuginoforno.com/specials,Official Specials page is present but has no active listed specials.,wilmington_run_queue_direct_pass3
master-0343,Dockside Restaurant,,Coverage / source row,Other Food Special,,Unclassified,,,,No,,Unknown,Unknown,No,tier_1_official,Official source,,Unclassified,No,,,dockside-restaurant-coverage-source-row,https://www.thedockside.com/,Official page confirms lunch daily at 11:30 and location; no exact food special/happy hour captured in accessible text.,wilmington_strategic_sweeps_pass9_2026-07-06
master-0344,Double Happiness Chinese Restaurant,Wilmington,Coverage / source row,Other Food Special,,Unclassified,,,,No,,Unknown,Unknown,No,,Secondary lead,,C_strong_lead_needs_official_source,Yes,Secondary lead; official confirmation needed,,double-happiness-chinese-restaurant-coverage-source-row,https://www.restaurantji.com/nc/wilmington/,,wilmington_net_new_discovery_pass2
master-0345,Dram Yard / Gazebo Bar,,Coverage / source row,Other Food Special,,Unclassified,,,,No,,Unknown,Unknown,No,,Missing source,,Unclassified,Yes,Missing source; missing source url,,dram-yard-gazebo-bar-coverage-source-row,,,wilmington_net_new_discovery_pass2
master-0346,Drift,,Coverage / source row,Other Food Special,,Unclassified,,,,No,,Unknown,Unknown,No,,Missing source,,Unclassified,Yes,Missing source; missing source url,,drift-coverage-source-row,,,wilmington_net_new_discovery_pass2
master-0347,Drift Coffee & Kitchen,Multiple Wilmington locations,2,Other Food Special,,Unclassified,,,,No,,Unknown,Unknown,No,tier_1_official,Official source,active,Unclassified,No,,,drift-coffee-kitchen-2,https://driftcoffee.kitchen/,"Official source lists loyalty, order app, Biscoff Stack availability, and Wilmington locations.",wilmington_net_new_discovery_pass1
master-0348,Drift Coffee & Kitchen,,Biscoff Stack,Other Food Special,limited_time_menu_signal,Brunch,Available at cafe locations,,,No,dine_in/takeout,Yes,Unknown,No,tier_1_official,Official source,needs_review,Unclassified,No,,,drift-coffee-kitchen-biscoff-stack,https://driftcoffee.kitchen/,"Limited menu item, not necessarily a deal; check location menus.",wilmington_net_new_discovery_pass1
master-0349,Drift Coffee & Kitchen,,Drift Loyalty Rewards,Other Food Special,loyalty_offer,All_Day,Ongoing,,points/status,No,dine_in/takeout,Yes,Unknown,No,tier_1_official,Official source,out_of_scope_or_needs_review,Unclassified,No,,,drift-coffee-kitchen-drift-loyalty-rewards,https://driftcoffee.kitchen/,Loyalty mechanic may be outside food-special scope unless tied to a food reward.,wilmington_net_new_discovery_pass1
master-0350,El Cerro Grande,Wilmington multiple locations,Coverage / source row,Other Food Special,,Unclassified,,,,No,,Unknown,Unknown,No,,Source URL present,Official site checked; reward program and lunch menu references,Unclassified,Yes,Source URL present,,el-cerro-grande-coverage-source-row,https://elcerrogranderestaurant.com/,no exact recurring food special captured from source text,wilmington_greater_area_specials_pass7
master-0351,Elijah's Oyster & Fish Camp,,Coverage / source row,Other Food Special,,Unclassified,,,,No,,Unknown,Unknown,No,,Source URL present,,Unclassified,Yes,Source URL present,,elijah-s-oyster-fish-camp-coverage-source-row,https://www.elijahs.com/menu,Food-bearing happy hour oyster deal.,wilmington_net_new_discovery_pass1
master-0352,Elijah's Oyster & Fish Camp,,Coverage / source row,Other Food Special,,Unclassified,,,,No,,Unknown,Unknown,No,,Missing source,,Unclassified,Yes,Missing source; missing source url,,elijah-s-oyster-fish-camp-coverage-source-row,,,wilmington_net_new_discovery_pass2
master-0353,Elijah's Oyster & Fish Camp,Riverwalk / Ann Street,1,Other Food Special,,Unclassified,,,,No,,Unknown,Unknown,No,tier_1_official,Official source,active,Unclassified,No,,,elijah-s-oyster-fish-camp-1,https://www.elijahs.com/,Official menu page lists Wednesday half-priced oysters 4–6 PM plus drink specials.,wilmington_net_new_discovery_pass1
master-0354,Fermental Beer & Wine,Downtown / Cargo edge,Coverage / source row,Other Food Special,,Unclassified,,,,No,,Unknown,Unknown,No,,Secondary lead,,C_strong_lead_needs_official_source,Yes,Secondary lead; official confirmation needed,,fermental-beer-wine-coverage-source-row,https://www.restaurantji.com/nc/wilmington/,,wilmington_net_new_discovery_pass2
master-0355,Fish Bites Seafood,,Coverage / source row,Other Food Special,,Unclassified,,,,No,,Unknown,Unknown,No,,Source URL present,,Unclassified,Yes,Source URL present,,fish-bites-seafood-coverage-source-row,https://www.fishbitesseafood.com/,Official site explicitly points daily specials to Facebook/Instagram.,wilmington_net_new_discovery_pass1
master-0356,Fish Bites Seafood,,Coverage / source row,Other Food Special,,Unclassified,,,,No,,Unknown,Unknown,No,,Missing source,,Unclassified,Yes,Missing source; missing source url,,fish-bites-seafood-coverage-source-row,,,wilmington_net_new_discovery_pass2
master-0357,Fish Bites Seafood,South College / Myrtle Grove,1,Other Food Special,,Unclassified,,,,No,,Unknown,Unknown,No,tier_1_official,Official source,active,Unclassified,No,,,fish-bites-seafood-1,https://www.fishbitesseafood.com/,Official site says to follow social media for latest updates and Daily Specials.,wilmington_net_new_discovery_pass1
master-0358,Fish Bites Seafood,,Daily Specials,Daily / Weekly Specials,daily_specials_social_required,Varies,Not itemized on official site; social feed required,,,No,dine_in/takeout,Yes,Unknown,No,tier_2_official_social_needed,Official source,needs_review,Unclassified,No,,,fish-bites-seafood-daily-specials,https://www.fishbitesseafood.com/,"Exact current food specials are on social; official site is a routing source, not deal evidence.",wilmington_net_new_discovery_pass1
master-0359,Fish House Grill,Wilmington / Wrightsville boundary,Coverage / source row,Other Food Special,,Unclassified,,,,No,,Unknown,Unknown,No,,Secondary lead,,C_strong_lead_needs_official_source,Yes,Secondary lead; official confirmation needed,,fish-house-grill-coverage-source-row,https://www.restaurantji.com/nc/wilmington/,,wilmington_net_new_discovery_pass2
master-0360,Floriana,,Coverage / source row,Other Food Special,,Unclassified,,,,No,,Unknown,Unknown,No,,Missing source,,Unclassified,Yes,Missing source; missing source url,,floriana-coverage-source-row,,,wilmington_net_new_discovery_pass2
master-0361,Floriana,Downtown / Market Street,0,Other Food Special,,Unclassified,,,,No,,Unknown,Unknown,No,tier_1_official,Official source,active,Unclassified,No,,,floriana-0,https://www.florianailm.com/,Official source confirms restaurant/location/menu link; no specials signal in page text.,wilmington_net_new_discovery_pass1
master-0362,Flying Machine Oyster Bar,,Coverage / source row,Other Food Special,,Unclassified,,,,No,,Unknown,Unknown,No,,Missing source,,Unclassified,Yes,Missing source; missing source url,,flying-machine-oyster-bar-coverage-source-row,,,wilmington_net_new_discovery_pass2
master-0363,Folks Café,Wilmington,Coverage / source row,Other Food Special,,Unclassified,,,,No,,Unknown,Unknown,No,,Secondary lead,,C_strong_lead_needs_official_source,Yes,Secondary lead; official confirmation needed,,folks-caf-coverage-source-row,https://www.restaurantji.com/nc/wilmington/,,wilmington_net_new_discovery_pass2
master-0364,Fork 'N' Cork,,Coverage / source row,Other Food Special,,Unclassified,,,,No,,Unknown,Unknown,No,,Official social,,Unclassified,No,,,fork-n-cork-coverage-source-row,https://www.facebook.com/theforkncork,Official source appears social-first.,wilmington_net_new_discovery_pass1
master-0365,Fork ’N’ Cork,,Coverage / source row,Other Food Special,,Unclassified,,,,No,,Unknown,Unknown,No,,Missing source,,Unclassified,Yes,Missing source; missing source url,,fork-n-cork-coverage-source-row,,,wilmington_net_new_discovery_pass2
master-0366,Four Corners Wrightsville Beach,,Coverage / source row,Other Food Special,,Unclassified,,,,No,,Unknown,Unknown,No,,Missing source,,Unclassified,Yes,Missing source; missing source url,,four-corners-wrightsville-beach-coverage-source-row,,,wilmington_net_new_discovery_pass2
master-0367,"Fresh N Fab, Poké Bowl & Smoothie Bowl",Wilmington,Coverage / source row,Other Food Special,,Unclassified,,,,No,,Unknown,Unknown,No,,Secondary lead,,C_strong_lead_needs_official_source,Yes,Secondary lead; official confirmation needed,,fresh-n-fab-pok-bowl-smoothie-bowl-coverage-source-row,https://www.restaurantji.com/nc/wilmington/,,wilmington_net_new_discovery_pass2
master-0368,Front Street Brewery,,Coverage / source row,Other Food Special,,Unclassified,,,,No,,Unknown,Unknown,No,,Source URL present,,Unclassified,Yes,Source URL present,,front-street-brewery-coverage-source-row,https://www.frontstreetbrewery.com/,Official menu checked; no specials found.,wilmington_net_new_discovery_pass1
master-0369,Front Street Brewery,,Coverage / source row,Other Food Special,,Unclassified,,,,No,,Unknown,Unknown,No,,Missing source,,Unclassified,Yes,Missing source; missing source url,,front-street-brewery-coverage-source-row,,,wilmington_net_new_discovery_pass2
master-0370,Front Street Brewery,Downtown / North Front,0,Other Food Special,,Unclassified,,,,No,,Unknown,Unknown,No,tier_1_official,Official source,active,Unclassified,No,,,front-street-brewery-0,https://www.frontstreetbrewery.com/,"Official site confirms restaurant, menu, online ordering, and location; no specials language in checked menu/event page.",wilmington_net_new_discovery_pass1
master-0371,"Girls with Dough, Pizzeria and Pub",Wilmington,Coverage / source row,Other Food Special,,Unclassified,,,,No,,Unknown,Unknown,No,,Secondary lead,,C_strong_lead_needs_official_source,Yes,Secondary lead; official confirmation needed,,girls-with-dough-pizzeria-and-pub-coverage-source-row,https://www.restaurantji.com/nc/wilmington/,,wilmington_net_new_discovery_pass2
master-0372,Goody Goody Omelet House,Wilmington,Coverage / source row,Other Food Special,,Unclassified,,,,No,,Unknown,Unknown,No,,Secondary lead,,C_strong_lead_needs_official_source,Yes,Secondary lead; official confirmation needed,,goody-goody-omelet-house-coverage-source-row,https://www.restaurantji.com/nc/wilmington/,,wilmington_net_new_discovery_pass2
master-0373,Goody Goody Omelet House,,breakfast,Breakfast,breakfast,Breakfast,,,,No,,Unknown,Unknown,No,,Secondary lead,,C_strong_lead_needs_official_source,Yes,Secondary lead; official confirmation needed,,goody-goody-omelet-house-breakfast,https://www.restaurantji.com/nc/wilmington/goody-goody-omelet-house-/,Breakfast candidate lacks official source,wilmington_run_queue_direct_pass3
master-0374,Guelaguetza Oaxaca,Wilmington,Coverage / source row,Other Food Special,,Unclassified,,,,No,,Unknown,Unknown,No,,Secondary lead,,C_strong_lead_needs_official_source,Yes,Secondary lead; official confirmation needed,,guelaguetza-oaxaca-coverage-source-row,https://www.restaurantji.com/nc/wilmington/,,wilmington_net_new_discovery_pass2
master-0375,Hell's Kitchen,,Coverage / source row,Other Food Special,,Unclassified,,,,No,,Unknown,Unknown,No,,Missing source,,Unclassified,Yes,Missing source; missing source url,,hell-s-kitchen-coverage-source-row,,,wilmington_net_new_discovery_pass2
master-0376,Hibachi Bistro,College Road / Wilmington,Daily lunch specials starting at $9,Lunch Special,lunch_special,Lunch,,,,No,dine_in; takeout; delivery,Yes,Yes,No,tier_1_official,Official source,,Unclassified,No,,,hibachi-bistro-daily-lunch-specials-starting-at-9,https://hibachibistro.com/,Official homepage lists Lunch Specials: daily until 3PM starting at $9.,wilmington_strategic_sweeps_pass8_2026-07-06
master-0377,Hibachi Bistro,College Road / Wilmington,Kids Eat Free Sundays,Family / Kids,kids_family,Lunch / Dinner,,,,No,dine_in,Unknown,Unknown,Yes,tier_1_official,Official source,,Unclassified,No,,,hibachi-bistro-kids-eat-free-sundays,https://hibachibistro.com/,"Official homepage lists Kids Eat Free, Sundays 12PM-9:30PM, with entree purchase.",wilmington_strategic_sweeps_pass8_2026-07-06
master-0378,Hibachi To Go,,Coverage / source row,Other Food Special,,Unclassified,,,,No,,Unknown,Unknown,No,tier_1_official,Official source,,Unclassified,No,,,hibachi-to-go-coverage-source-row,https://www.hibachitogo.com/,"Official site says Daily Lunch Specials are featured Monday-Saturday for $8.99, rotating selections from popular menu items, and points to Facebook for today’s lunch special.",wilmington_strategic_sweeps_pass9_2026-07-06
master-0379,Hieronymus Seafood Restaurant & Oyster Bar,Wilmington,Coverage / source row,Other Food Special,,Unclassified,,,,No,,Unknown,Unknown,No,,Secondary lead,,C_strong_lead_needs_official_source,Yes,Secondary lead; official confirmation needed,,hieronymus-seafood-restaurant-oyster-bar-coverage-source-row,https://www.restaurantji.com/nc/wilmington/,,wilmington_net_new_discovery_pass2
master-0380,Indochine,,Coverage / source row,Other Food Special,,Unclassified,,,,No,,Unknown,Unknown,No,,Source URL present,,Unclassified,Yes,Source URL present,,indochine-coverage-source-row,https://indochinewilmington.com/,Official source has rewards/order but no explicit offer found.,wilmington_net_new_discovery_pass1
master-0381,Indochine,,Coverage / source row,Other Food Special,,Unclassified,,,,No,,Unknown,Unknown,No,,Missing source,,Unclassified,Yes,Missing source; missing source url,,indochine-coverage-source-row,,,wilmington_net_new_discovery_pass2
master-0382,Indochine,Market Street / Forest Hills,0,Other Food Special,,Unclassified,,,,No,,Unknown,Unknown,No,tier_1_official,Official source,active,Unclassified,No,,,indochine-0,https://indochinewilmington.com/,Official source shows order/rewards and lunch menu until 2 PM but no explicit special.,wilmington_net_new_discovery_pass1
master-0383,Islands Fresh Mex Grill,,Coverage / source row,Other Food Special,,Unclassified,,,,No,,Unknown,Unknown,No,,Missing source,,Unclassified,Yes,Missing source; missing source url,,islands-fresh-mex-grill-coverage-source-row,,,wilmington_net_new_discovery_pass2
master-0384,Italian Bistro - Monkey Junction,,Coverage / source row,Other Food Special,,Unclassified,,,,No,,Unknown,Unknown,No,,Missing source,,Unclassified,Yes,Missing source; missing source url,,italian-bistro-monkey-junction-coverage-source-row,,,wilmington_net_new_discovery_pass2
master-0385,Jerry's Food Wine and Spirits,Wilmington,Coverage / source row,Other Food Special,,Unclassified,,,,No,,Unknown,Unknown,No,,Secondary lead,,C_strong_lead_needs_official_source,Yes,Secondary lead; official confirmation needed,,jerry-s-food-wine-and-spirits-coverage-source-row,https://www.restaurantji.com/nc/wilmington/,,wilmington_net_new_discovery_pass2
master-0386,JohnnyLukes KitchenBar,Wilmington,Coverage / source row,Other Food Special,,Unclassified,,,,No,,Unknown,Unknown,No,,Secondary lead,,C_strong_lead_needs_official_source,Yes,Secondary lead; official confirmation needed,,johnnylukes-kitchenbar-coverage-source-row,https://www.restaurantji.com/nc/wilmington/,,wilmington_net_new_discovery_pass2
master-0387,Junction 421,,Coverage / source row,Other Food Special,,Unclassified,,,,No,,Unknown,Unknown,No,,Source URL present,,Unclassified,Yes,Source URL present,,junction-421-coverage-source-row,https://junction421.com/,Official site has specials language but no itemized current offer.,wilmington_net_new_discovery_pass1
master-0388,Junction 421,Monkey Junction / South Wilmington,Coverage / source row,Other Food Special,,Unclassified,,,,No,,Unknown,Unknown,No,,Secondary lead,,C_strong_lead_needs_official_source,Yes,Secondary lead; official confirmation needed,,junction-421-coverage-source-row,https://www.restaurantji.com/nc/wilmington/,,wilmington_net_new_discovery_pass2
master-0389,Junction 421,,Coverage / source row,Other Food Special,,Unclassified,,,,No,,Unknown,Unknown,No,,Missing source,,Unclassified,Yes,Missing source; missing source url,,junction-421-coverage-source-row,,No exact deal title/price/time; bar-appetizer PDF was verification-blocked.,wilmington_high_signal_promotability_pass4
master-0390,Junction 421,Monkey Junction / South College,1,Other Food Special,,Unclassified,,,,No,,Unknown,Unknown,No,tier_1_official,Official source,active,Unclassified,No,,,junction-421-1,https://junction421.com/,Official site includes newsletter prompt for Junction 421 Specials and a review mentioning daily specials; exact current specials not itemized.,wilmington_net_new_discovery_pass1
master-0391,K38 Independence,,Coverage / source row,Other Food Special,,Unclassified,,,,No,,Unknown,Unknown,No,,Missing source,,Unclassified,Yes,Missing source; missing source url,,k38-independence-coverage-source-row,,,wilmington_net_new_discovery_pass2
master-0392,K38 Oleander,,Coverage / source row,Other Food Special,,Unclassified,,,,No,,Unknown,Unknown,No,,Missing source,,Unclassified,Yes,Missing source; missing source url,,k38-oleander-coverage-source-row,,,wilmington_net_new_discovery_pass2
master-0393,Kapow Thai Street Food,Wilmington,Coverage / source row,Other Food Special,,Unclassified,,,,No,,Unknown,Unknown,No,,Secondary lead,,C_strong_lead_needs_official_source,Yes,Secondary lead; official confirmation needed,,kapow-thai-street-food-coverage-source-row,https://www.restaurantji.com/nc/wilmington/,,wilmington_net_new_discovery_pass2
master-0394,Katy's Grill & Bar,,Coverage / source row,Other Food Special,,Unclassified,,,,No,,Unknown,Unknown,No,,Missing source,,Unclassified,Yes,Missing source; missing source url,,katy-s-grill-bar-coverage-source-row,,,wilmington_net_new_discovery_pass2
master-0395,Kipos Hellenic Cuisine,Wilmington,Coverage / source row,Other Food Special,,Unclassified,,,,No,,Unknown,Unknown,No,,Secondary lead,,C_strong_lead_needs_official_source,Yes,Secondary lead; official confirmation needed,,kipos-hellenic-cuisine-coverage-source-row,https://www.restaurantji.com/nc/wilmington/,,wilmington_net_new_discovery_pass2
master-0396,Kornerstone Bistro,,Coverage / source row,Other Food Special,,Unclassified,,,,No,,Unknown,Unknown,No,,Missing source,,Unclassified,Yes,Missing source; missing source url,,kornerstone-bistro-coverage-source-row,,,wilmington_net_new_discovery_pass2
master-0397,Little Dipper Fondue,Downtown,Coverage / source row,Other Food Special,,Unclassified,,,,No,,Unknown,Unknown,No,,Secondary lead,,C_strong_lead_needs_official_source,Yes,Secondary lead; official confirmation needed,,little-dipper-fondue-coverage-source-row,https://www.restaurantji.com/nc/wilmington/,,wilmington_net_new_discovery_pass2
master-0398,Little Dipper Fondue,,Coverage / source row,Other Food Special,,Unclassified,,,,No,,Unknown,Unknown,No,tier_1_official,Official source,,Unclassified,No,,,little-dipper-fondue-coverage-source-row,https://www.littledipperfondue.com/,Official page has Date Night copy with cheese fondue/chocolate fondue pairing idea but no price/discount/special schedule captured.,wilmington_strategic_sweeps_pass9_2026-07-06
master-0399,Manna,,Coverage / source row,Other Food Special,,Unclassified,,,,No,,Unknown,Unknown,No,,Missing source,,Unclassified,Yes,Missing source; missing source url,,manna-coverage-source-row,,,wilmington_net_new_discovery_pass2
master-0400,Manna,Downtown / Princess Street,1,Other Food Special,,Unclassified,,,,No,,Unknown,Unknown,No,tier_1_official,Official source,active,Unclassified,No,,,manna-1,https://mannaavenue.com/,Official page says menu changes daily; no discount/special claim found.,wilmington_net_new_discovery_pass1
master-0401,Manna,,Daily Changing Seasonal Menu,Daily / Weekly Specials,rotating_menu_signal,Dinner,Daily changing menu,,varies,No,dine_in,Unknown,Unknown,No,tier_1_official,Official source,source_checked_no_deal,Unclassified,No,,,manna-daily-changing-seasonal-menu,https://mannaavenue.com/seasonal-menu/,"Not a deal by itself; keep as market coverage, not offer.",wilmington_net_new_discovery_pass1
master-0402,Marina Grill,,Coverage / source row,Other Food Special,,Unclassified,,,,No,,Unknown,Unknown,No,,Source URL present,,Unclassified,Yes,Source URL present,,marina-grill-coverage-source-row,https://marinagrillwilmington.com/,Official source and menu checked; no deal-specific special found.,wilmington_net_new_discovery_pass1
master-0403,Marina Grill,,Coverage / source row,Other Food Special,,Unclassified,,,,No,,Unknown,Unknown,No,,Missing source,,Unclassified,Yes,Missing source; missing source url,,marina-grill-coverage-source-row,,,wilmington_net_new_discovery_pass2
master-0404,Marina Grill,Northern Riverfront / Port City Marina,0,Other Food Special,,Unclassified,,,,No,,Unknown,Unknown,No,tier_1_official,Official source,active,Unclassified,No,,,marina-grill-0,https://marinagrillwilmington.com/,"Official site confirms menus, brunch, live music, address, and hours; no deal-specific special captured.",wilmington_net_new_discovery_pass1
master-0405,Maroon Monkey Coffee,Wilmington,Coverage / source row,Other Food Special,,Unclassified,,,,No,,Unknown,Unknown,No,,Secondary lead,,C_strong_lead_needs_official_source,Yes,Secondary lead; official confirmation needed,,maroon-monkey-coffee-coverage-source-row,https://www.restaurantji.com/nc/wilmington/,,wilmington_net_new_discovery_pass2
master-0406,Meet the Greek,Wilmington,Coverage / source row,Other Food Special,,Unclassified,,,,No,,Unknown,Unknown,No,,Secondary lead,,C_strong_lead_needs_official_source,Yes,Secondary lead; official confirmation needed,,meet-the-greek-coverage-source-row,https://www.restaurantji.com/nc/wilmington/,,wilmington_net_new_discovery_pass2
master-0407,Melting Pot,Wilmington,Coverage / source row,Other Food Special,,Unclassified,,,,No,,Unknown,Unknown,No,,Secondary lead,,C_strong_lead_needs_official_source,Yes,Secondary lead; official confirmation needed,,melting-pot-coverage-source-row,https://www.restaurantji.com/nc/wilmington/,,wilmington_net_new_discovery_pass2
master-0408,Mess Hall,,Coverage / source row,Other Food Special,,Unclassified,,,,No,,Unknown,Unknown,No,,Source URL present,,Unclassified,Yes,Source URL present,,mess-hall-coverage-source-row,https://messhallilm.com/,Official source checked; no recurring offer found.,wilmington_net_new_discovery_pass1
master-0409,Mess Hall,,Coverage / source row,Other Food Special,,Unclassified,,,,No,,Unknown,Unknown,No,,Missing source,,Unclassified,Yes,Missing source; missing source url,,mess-hall-coverage-source-row,,,wilmington_net_new_discovery_pass2
master-0410,Mess Hall,Cargo District / Wrightsville Ave,0,Other Food Special,,Unclassified,,,,No,,Unknown,Unknown,No,tier_1_official,Official source,active,Unclassified,No,,,mess-hall-0,https://messhallilm.com/,"Official site confirms smash burgers, hot dogs, order online, and Wilmington address; no recurring offer in page text.",wilmington_net_new_discovery_pass1
master-0411,Michael's on the Waterfront,Downtown / Riverwalk,Coverage / source row,Other Food Special,,Unclassified,,,,No,,Unknown,Unknown,No,,Source URL present,,Unclassified,Yes,Source URL present,,michael-s-on-the-waterfront-coverage-source-row,https://www.michaelsonthewaterfront.com/,,wilmington_net_new_discovery_pass2
master-0412,Might As Well Bar & Grill - Wilmington,,Coverage / source row,Other Food Special,,Unclassified,,,,No,,Unknown,Unknown,No,tier_1_official,Official source,,Unclassified,No,,,might-as-well-bar-grill-wilmington-coverage-source-row,https://wilmington.mightaswellbarandgrill.com/wilmington-might-as-well-bar-and-grill-wilmington-happy-hours-specials,"Official specials page lists ""$15.99 Sunday Buffett and $5 Off Large Pizza’s"".",wilmington_strategic_sweeps_pass9_2026-07-06
master-0413,Might As Well Bar & Grill - Wilmington,UNCW / Racine Drive,$5 appetizer menu,Happy Hour Food,happy_hour_food_or_event_special,Dinner,Monday July 6; official page lists 12:00 PM-2:00 PM while copy says Song Bingo at 8 PM and Adult Bingo at 10 PM,,$5 appetizer menu,Yes,dine-in,Unknown,Unknown,No,tier_1_official,Official source,needs_review_time_conflict,Unclassified,No,,,might-as-well-bar-grill-wilmington-5-appetizer-menu,https://wilmington.mightaswellbarandgrill.com/wilmington-might-as-well-bar-and-grill-wilmington-happy-hours-specials,"Official specials page lists Song Bingo, a $5 appetizer menu, $15 Corona buckets, and Adult Bingo.",wilmington_strategic_sweeps_pass9_2026-07-06
master-0414,Might As Well Bar & Grill - Wilmington,UNCW / Racine Drive,99 cent wings,Wings,weekly_food_special,All_Day,"Friday July 10, page shows 12:00 AM-2:00 AM; needs confirmation for all-day wording",,$0.99 wings,No,dine-in,Unknown,Unknown,No,tier_1_official,Official source,needs_review_time_conflict,Unclassified,No,,,might-as-well-bar-grill-wilmington-99-cent-wings,https://wilmington.mightaswellbarandgrill.com/wilmington-might-as-well-bar-and-grill-wilmington-happy-hours-specials,"Official specials page lists ""99 CENT WINGS AND MUG SPECIALS ALL DAY LONG!"".",wilmington_strategic_sweeps_pass9_2026-07-06
master-0415,Moe’s Original BBQ - Wilmington,,Coverage / source row,Other Food Special,,Unclassified,,,,No,,Unknown,Unknown,No,tier_1_official,Official source,,Unclassified,No,,,moe-s-original-bbq-wilmington-coverage-source-row,https://www.moesoriginalbbq.com/lo/wilmington/,Official location page states Moe’s constantly creates new daily special sides and lists Daily Special Sides.,wilmington_strategic_sweeps_pass9_2026-07-06
master-0416,Moe’s Original BBQ - Wilmington,Oleander / Wilmington,Double Wide / Triple Wide Family Pack,Family Meals / Packs,family_takeout_offer,All_Day,Regular menu,,"Package terms, no price captured",No,takeout/dine-in/catering,Yes,Unknown,Yes,tier_1_official,Official source,needs_deal_value_review,Unclassified,No,,,moe-s-original-bbq-wilmington-double-wide-triple-wide-family-pack,https://www.moesoriginalbbq.com/lo/wilmington/,Official menu lists Double Wide Family Pack serving 3-4 and Triple Wide Family Pack serving 5-6.,wilmington_strategic_sweeps_pass9_2026-07-06
master-0417,Nicola's Italian Restaurant,Wilmington,Coverage / source row,Other Food Special,,Unclassified,,,,No,,Unknown,Unknown,No,,Secondary lead,,C_strong_lead_needs_official_source,Yes,Secondary lead; official confirmation needed,,nicola-s-italian-restaurant-coverage-source-row,https://www.restaurantji.com/nc/wilmington/,,wilmington_net_new_discovery_pass2
master-0418,Nippy's,,Coverage / source row,Other Food Special,,Unclassified,,,,No,,Unknown,Unknown,No,,Missing source,,Unclassified,Yes,Missing source; missing source url,,nippy-s-coverage-source-row,,,wilmington_net_new_discovery_pass2
master-0419,Nippy's Soul Food,,Coverage / source row,Other Food Special,,Unclassified,,,,No,,Unknown,Unknown,No,,Source URL present,,Unclassified,Yes,Source URL present,,nippy-s-soul-food-coverage-source-row,https://nippyssoulfood.square.site/,Square page returned no readable content.,wilmington_net_new_discovery_pass1
master-0420,Oceanic at Crystal Pier,Wrightsville Beach,Coverage / source row,Other Food Special,,Unclassified,,,,No,,Unknown,Unknown,No,,Source URL present,Official site/menu checked; no special captured in text,Unclassified,Yes,Source URL present,,oceanic-at-crystal-pier-coverage-source-row,https://www.oceanicrestaurant.com/,brunch exists but no meaningful deal signal captured,wilmington_greater_area_specials_pass7
master-0421,Oklahoma's Original Burger,Wilmington,Coverage / source row,Other Food Special,,Unclassified,,,,No,,Unknown,Unknown,No,,Secondary lead,,C_strong_lead_needs_official_source,Yes,Secondary lead; official confirmation needed,,oklahoma-s-original-burger-coverage-source-row,https://www.restaurantji.com/nc/wilmington/,,wilmington_net_new_discovery_pass2
master-0422,Olivero,,Coverage / source row,Other Food Special,,Unclassified,,,,No,,Unknown,Unknown,No,,Missing source,,Unclassified,Yes,Missing source; missing source url,,olivero-coverage-source-row,,,wilmington_net_new_discovery_pass2
master-0423,Olivero,Downtown / South 3rd,0,Other Food Special,,Unclassified,,,,No,,Unknown,Unknown,No,tier_1_official,Official source,active,Unclassified,No,,,olivero-0,https://www.oliveroilm.com/,Official site and menu checked; no specials language surfaced in extracted text.,wilmington_net_new_discovery_pass1
master-0424,On Thyme Restaurant,Wilmington,Coverage / source row,Other Food Special,,Unclassified,,,,No,,Unknown,Unknown,No,,Secondary lead,,C_strong_lead_needs_official_source,Yes,Secondary lead; official confirmation needed,,on-thyme-restaurant-coverage-source-row,https://www.restaurantji.com/nc/wilmington/,,wilmington_net_new_discovery_pass2
master-0425,Origins Food and Drink,Wilmington,Coverage / source row,Other Food Special,,Unclassified,,,,No,,Unknown,Unknown,No,,Secondary lead,,C_strong_lead_needs_official_source,Yes,Secondary lead; official confirmation needed,,origins-food-and-drink-coverage-source-row,https://www.restaurantji.com/nc/wilmington/,,wilmington_net_new_discovery_pass2
master-0426,Origins Food and Drink,Autumn Hall / Eastwood,no_offer_found_yet,Other Food Special,no_offer_found_yet,Unclassified,,,,No,,Unknown,Unknown,No,tier_1_official,Official source,,Unclassified,No,,,origins-food-and-drink-no-offer-found-yet,https://originsfoodanddrink.com/,"Official site confirms lunch Mon-Fri, dinner, dinner/lunch/bar menus and address; no explicit specials captured.",wilmington_run_queue_direct_pass3
master-0427,Our Place Restaurant,Wilmington,Coverage / source row,Other Food Special,,Unclassified,,,,No,,Unknown,Unknown,No,,Secondary lead,,C_strong_lead_needs_official_source,Yes,Secondary lead; official confirmation needed,,our-place-restaurant-coverage-source-row,https://www.restaurantji.com/nc/wilmington/,,wilmington_net_new_discovery_pass2
master-0428,Paddy's Hollow Restaurant & Pub,Downtown / Cotton Exchange,Coverage / source row,Other Food Special,,Unclassified,,,,No,,Unknown,Unknown,No,,Secondary lead,,C_strong_lead_needs_official_source,Yes,Secondary lead; official confirmation needed,,paddy-s-hollow-restaurant-pub-coverage-source-row,https://www.restaurantji.com/nc/wilmington/,,wilmington_net_new_discovery_pass2
master-0429,Peño Mediterranean Grill,,Coverage / source row,Other Food Special,,Unclassified,,,,No,,Unknown,Unknown,No,tier_1_official,Official source,,Unclassified,No,,,pe-o-mediterranean-grill-coverage-source-row,https://www.penogrill.com,Official homepage/locations/happenings surfaces checked; no active special captured in text; site promotes dine-in/takeout/catering and locations.,wilmington_strategic_sweeps_pass9_2026-07-06
master-0430,Perla Raw Bar,Downtown / Circa group,Coverage / source row,Other Food Special,,Unclassified,,,,No,,Unknown,Unknown,No,,Secondary lead,,C_strong_lead_needs_official_source,Yes,Secondary lead; official confirmation needed,,perla-raw-bar-coverage-source-row,https://www.restaurantji.com/nc/wilmington/,,wilmington_net_new_discovery_pass2
master-0431,Perla Raw Bar,Downtown / Riverfront,specials_menu_review,Daily / Weekly Specials,specials_menu_review,Unclassified,,,,No,,Unknown,Unknown,No,tier_1_official,Official source,,Unclassified,No,,,perla-raw-bar-specials-menu-review,https://www.perlarawbar.com/,Official menu has a Specials section including a Seafood Tower and brunch/kids brunch menu items.,wilmington_run_queue_direct_pass3
master-0432,Perla Raw Bar,,Kids brunch menu items,Brunch,kids_brunch,Brunch,,,,No,,Unknown,Unknown,Yes,tier_1_official,Official source,needs_review,Unclassified,No,,,perla-raw-bar-kids-brunch-menu-items,https://www.perlarawbar.com/,Official menu has brunch/kids brunch section.,wilmington_run_queue_direct_pass3
master-0433,Perla Raw Bar,,Seafood Tower listed under Specials,Seafood / Oysters,specials_menu,Unclassified,,,,No,,Unknown,Unknown,No,tier_1_official,Official source,needs_deal_value_review,Unclassified,No,,,perla-raw-bar-seafood-tower-listed-under-specials,https://www.perlarawbar.com/,Official menu has Specials section with Seafood Tower.,wilmington_run_queue_direct_pass3
master-0434,Pho 68,Wilmington,Coverage / source row,Other Food Special,,Unclassified,,,,No,,Unknown,Unknown,No,,Secondary lead,,C_strong_lead_needs_official_source,Yes,Secondary lead; official confirmation needed,,pho-68-coverage-source-row,https://www.restaurantji.com/nc/wilmington/,,wilmington_net_new_discovery_pass2
master-0435,Pho Vanhly Noodle House,Wilmington,Coverage / source row,Other Food Special,,Unclassified,,,,No,,Unknown,Unknown,No,,Secondary lead,,C_strong_lead_needs_official_source,Yes,Secondary lead; official confirmation needed,,pho-vanhly-noodle-house-coverage-source-row,https://www.restaurantji.com/nc/wilmington/,,wilmington_net_new_discovery_pass2
master-0436,Pilot House,,Coverage / source row,Other Food Special,,Unclassified,,,,No,,Unknown,Unknown,No,,Source URL present,,Unclassified,Yes,Source URL present,,pilot-house-coverage-source-row,https://www.pilothouserest.com/menu,Official menu page no specials in extracted text.,wilmington_net_new_discovery_pass1
master-0437,Pilot House,,Coverage / source row,Other Food Special,,Unclassified,,,,No,,Unknown,Unknown,No,,Missing source,,Unclassified,Yes,Missing source; missing source url,,pilot-house-coverage-source-row,,,wilmington_net_new_discovery_pass2
master-0438,PinPoint Restaurant,,Coverage / source row,Other Food Special,,Unclassified,,,,No,,Unknown,Unknown,No,,Missing source,,Unclassified,Yes,Missing source; missing source url,,pinpoint-restaurant-coverage-source-row,,,wilmington_net_new_discovery_pass2
master-0439,Pipeline Poke,Wilmington,Coverage / source row,Other Food Special,,Unclassified,,,,No,,Unknown,Unknown,No,,Secondary lead,,C_strong_lead_needs_official_source,Yes,Secondary lead; official confirmation needed,,pipeline-poke-coverage-source-row,https://www.restaurantji.com/nc/wilmington/,,wilmington_net_new_discovery_pass2
master-0440,Pizzeria Don Luca,Wilmington,Coverage / source row,Other Food Special,,Unclassified,,,,No,,Unknown,Unknown,No,,Secondary lead,,C_strong_lead_needs_official_source,Yes,Secondary lead; official confirmation needed,,pizzeria-don-luca-coverage-source-row,https://www.restaurantji.com/nc/wilmington/,,wilmington_net_new_discovery_pass2
master-0441,Pizzeria Don Luca,Brooklyn Arts District,delivery_no_offer_yet,Delivery,delivery_no_offer_yet,Unclassified,,,,No,,Unknown,Yes,No,tier_1_official,Official source,,Unclassified,No,,,pizzeria-don-luca-delivery-no-offer-yet,https://www.pizzeriadonluca.com/,"Official site confirms downtown delivery, pizza, wings, menu/order; no explicit specials captured.",wilmington_run_queue_direct_pass3
master-0442,Pizzeria Don Luca,,Downtown delivery service signal,Carryout / Takeout,takeout_delivery_signal,Unclassified,,,,No,,Yes,Yes,No,tier_1_official,Official source,no_offer_yet,Unclassified,No,,,pizzeria-don-luca-downtown-delivery-service-signal,https://www.pizzeriadonluca.com/,Official site says WE DELIVER and has pizza/wings menu/order.,wilmington_run_queue_direct_pass3
master-0443,Poki Bowl,Wilmington,Coverage / source row,Other Food Special,,Unclassified,,,,No,,Unknown,Unknown,No,,Secondary lead,,C_strong_lead_needs_official_source,Yes,Secondary lead; official confirmation needed,,poki-bowl-coverage-source-row,https://www.restaurantji.com/nc/wilmington/,,wilmington_net_new_discovery_pass2
master-0444,Ponysaurus Brewing Co. Wilmington,,Coverage / source row,Other Food Special,,Unclassified,,,,No,,Unknown,Unknown,No,,Missing source,,Unclassified,Yes,Missing source; missing source url,,ponysaurus-brewing-co-wilmington-coverage-source-row,,,wilmington_net_new_discovery_pass2
master-0445,Port Land Grille,Wilmington,Coverage / source row,Other Food Special,,Unclassified,,,,No,,Unknown,Unknown,No,,Secondary lead,,C_strong_lead_needs_official_source,Yes,Secondary lead; official confirmation needed,,port-land-grille-coverage-source-row,https://www.restaurantji.com/nc/wilmington/,,wilmington_net_new_discovery_pass2
master-0446,Port Land Grille,Porters Neck-ish / east Wilmington,wine_dinner_event,Other Food Special,wine_dinner_event,Dinner,,,,No,,Unknown,Unknown,No,tier_1_official,Official source,,Unclassified,No,,,port-land-grille-wine-dinner-event,https://www.portlandgrille.com/,Official site has Wine Dinner link and notes seafood selection changes with whims of the sea.,wilmington_run_queue_direct_pass3
master-0447,Port Land Grille,,special_event,Other Food Special,special_event,Unclassified,,,,No,,Unknown,Unknown,No,,Source URL present,,Unclassified,Yes,Source URL present,,port-land-grille-special-event,https://www.portlandgrille.com/,Mixed food/wine event candidate,wilmington_run_queue_direct_pass3
master-0448,Port Land Grille,,Coverage / source row,Other Food Special,,Unclassified,,,,No,,Unknown,Unknown,No,,Missing source,,Unclassified,Yes,Missing source; missing source url,,port-land-grille-coverage-source-row,,Deal value gate: rotating menu item without price/discount/special framing.,wilmington_high_signal_promotability_pass4
master-0449,Port Land Grille,,Wine Dinner link,Other Food Special,special_event,Dinner,,,,No,,Unknown,Unknown,No,tier_1_official,Official source,needs_food_safe_review,Unclassified,No,,,port-land-grille-wine-dinner-link,https://www.portlandgrille.com/,Official site has Wine Dinner link.,wilmington_run_queue_direct_pass3
master-0450,Prost Biergarten,,Coverage / source row,Other Food Special,,Unclassified,,,,No,,Unknown,Unknown,No,,Source URL present,,Unclassified,Yes,Source URL present,,prost-biergarten-coverage-source-row,https://prostilm.com/wilmington-prost-biergarten-food-menu,Strong net-new weekly lunch + happy-hour food set.,wilmington_net_new_discovery_pass1
master-0451,Prost Biergarten,,Coverage / source row,Other Food Special,,Unclassified,,,,No,,Unknown,Unknown,No,,Missing source,,Unclassified,Yes,Missing source; missing source url,,prost-biergarten-coverage-source-row,,,wilmington_net_new_discovery_pass2
master-0452,Prost Biergarten,Downtown / South Front Street,6,Other Food Special,,Unclassified,,,,No,,Unknown,Unknown,No,tier_1_official,Official source,active,Unclassified,No,,,prost-biergarten-6,https://prostilm.com/,Official menu and specials pages expose lunch specials and a happy-hour food menu.,wilmington_net_new_discovery_pass1
master-0453,Prost Biergarten,,Flounder Sandwich Lunch Special,Lunch Special,weekly_lunch_special,Lunch / Dinner,Friday 11 AM–4 PM,,$15,No,dine_in,Unknown,Unknown,No,tier_1_official,Official source,needs_review,Unclassified,No,,,prost-biergarten-flounder-sandwich-lunch-special,https://prostilm.com/wilmington-prost-biergarten-food-menu,Good food-only candidate; verify recurrence/currentness.,wilmington_net_new_discovery_pass1
master-0454,Prost Biergarten,,Pierogies Lunch Special,Lunch Special,weekly_lunch_special,Lunch / Dinner,Thursday 11 AM–4 PM,,$14,No,dine_in,Unknown,Unknown,No,tier_1_official,Official source,needs_review,Unclassified,No,,,prost-biergarten-pierogies-lunch-special,https://prostilm.com/wilmington-prost-biergarten-food-menu,Good food-only candidate; verify recurrence/currentness.,wilmington_net_new_discovery_pass1
master-0455,Prost Biergarten,,Reuben Lunch Special,Lunch Special,weekly_lunch_special,Lunch / Dinner,Wednesday 11 AM–4 PM,,$15,No,dine_in,Unknown,Unknown,No,tier_1_official,Official source,needs_review,E_suppressed_or_drink_only,Yes,,,prost-biergarten-reuben-lunch-special,https://prostilm.com/wilmington-prost-biergarten-food-menu,Suppress drink copy; verify recurrence/currentness.,wilmington_net_new_discovery_pass1
master-0456,Rebellion NC,,Coverage / source row,Other Food Special,,Unclassified,,,,No,,Unknown,Unknown,No,,Missing source,,Unclassified,Yes,Missing source; missing source url,,rebellion-nc-coverage-source-row,,,wilmington_net_new_discovery_pass2
master-0457,River 128 Restaurant,Downtown / Riverwalk,Coverage / source row,Other Food Special,,Unclassified,,,,No,,Unknown,Unknown,No,,Secondary lead,,C_strong_lead_needs_official_source,Yes,Secondary lead; official confirmation needed,,river-128-restaurant-coverage-source-row,https://www.restaurantji.com/nc/wilmington/,,wilmington_net_new_discovery_pass2
master-0458,Roko Italian Cuisine,Wilmington,Coverage / source row,Other Food Special,,Unclassified,,,,No,,Unknown,Unknown,No,,Secondary lead,,C_strong_lead_needs_official_source,Yes,Secondary lead; official confirmation needed,,roko-italian-cuisine-coverage-source-row,https://www.restaurantji.com/nc/wilmington/,,wilmington_net_new_discovery_pass2
master-0459,Rooster & The Crow,,Coverage / source row,Other Food Special,,Unclassified,,,,No,,Unknown,Unknown,No,,Source URL present,,Unclassified,Yes,Source URL present,,rooster-the-crow-coverage-source-row,https://roosterandthecrow.com/wilmington-downtown-rooster-and-the-crow-happy-hours-specials,Specials page exposes date-specific special that may be stale.,wilmington_net_new_discovery_pass1
master-0460,Rooster & The Crow,,Coverage / source row,Other Food Special,,Unclassified,,,,No,,Unknown,Unknown,No,,Missing source,,Unclassified,Yes,Missing source; missing source url,,rooster-the-crow-coverage-source-row,,,wilmington_net_new_discovery_pass2
master-0461,Rooster & The Crow,Downtown Riverfront / South Water,1,Other Food Special,,Unclassified,,,,No,,Unknown,Unknown,No,tier_1_official,Official source,active,Unclassified,No,,,rooster-the-crow-1,https://roosterandthecrow.com/,Official specials page exposes a meatloaf special and time window.,wilmington_net_new_discovery_pass1
master-0462,Rooster & The Crow,,Meatloaf Special,Date Night / Prix Fixe,date_specific_food_special,Dinner,"Wednesday June 17, 4:30–8:30 PM",,,No,dine_in,Unknown,Unknown,No,tier_1_official,Official source,needs_recheck,Unclassified,No,,,rooster-the-crow-meatloaf-special,https://roosterandthecrow.com/wilmington-downtown-rooster-and-the-crow-happy-hours-specials,"Date-specific and likely stale; capture as specials signal, not publishable.",wilmington_net_new_discovery_pass1
master-0463,Rosalie's Trattoria,Wilmington,Coverage / source row,Other Food Special,,Unclassified,,,,No,,Unknown,Unknown,No,,Secondary lead,,C_strong_lead_needs_official_source,Yes,Secondary lead; official confirmation needed,,rosalie-s-trattoria-coverage-source-row,https://www.restaurantji.com/nc/wilmington/,,wilmington_net_new_discovery_pass2
master-0464,RUMCOW.,Downtown,Coverage / source row,Other Food Special,,Unclassified,,,,No,,Unknown,Unknown,No,,Secondary lead,,C_strong_lead_needs_official_source,Yes,Secondary lead; official confirmation needed,,rumcow-coverage-source-row,https://www.restaurantji.com/nc/wilmington/,,wilmington_net_new_discovery_pass2
master-0465,RUMCOW.,,Coverage / source row,Other Food Special,,Unclassified,,,,No,,Unknown,Unknown,No,,Missing source,,Unclassified,Yes,Missing source; missing source url,,rumcow-coverage-source-row,,Official source not accessible; no exact/current terms.,wilmington_high_signal_promotability_pass4
master-0466,Rx Chicken & Oysters,,Coverage / source row,Other Food Special,,Unclassified,,,,No,,Unknown,Unknown,No,,Missing source,,Unclassified,Yes,Missing source; missing source url,,rx-chicken-oysters-coverage-source-row,,,wilmington_net_new_discovery_pass2
master-0467,Salita Pizza,Wilmington,Coverage / source row,Other Food Special,,Unclassified,,,,No,,Unknown,Unknown,No,,Secondary lead,,C_strong_lead_needs_official_source,Yes,Secondary lead; official confirmation needed,,salita-pizza-coverage-source-row,https://www.restaurantji.com/nc/wilmington/,,wilmington_net_new_discovery_pass2
master-0468,Salita Pizza,Downtown / Cargo-ish,takeout_no_offer_yet,Carryout / Takeout,takeout_no_offer_yet,Unclassified,,,,No,,Yes,Unknown,No,tier_1_official,Official source,,Unclassified,No,,,salita-pizza-takeout-no-offer-yet,https://www.salitapizza.com/,"Official site confirms takeout-window pizzeria, order online, weekend bagels/service signals; no explicit specials captured.",wilmington_run_queue_direct_pass3
master-0469,Salita Pizza,,Weekend bagels/service signal,Other Food Special,meal_period_signal,Unclassified,,,,No,,Unknown,Unknown,No,tier_1_official,Official source,no_offer_yet,Unclassified,No,,,salita-pizza-weekend-bagels-service-signal,https://www.salitapizza.com/,Official site mentions takeout pizza and weekend bagels/service window.,wilmington_run_queue_direct_pass3
master-0470,San Felipe Mexican Restaurant,,Coverage / source row,Other Food Special,,Unclassified,,,,No,,Unknown,Unknown,No,tier_1_official,Official source,,Unclassified,No,,,san-felipe-mexican-restaurant-coverage-source-row,https://www.sanfelipenc.com/s/25yrs-Feature-Menu-Web.pdf,Official feature menu PDF lists lunch section available 11 AM-3 PM and Speedy Gonzalez at $8.99.,wilmington_strategic_sweeps_pass9_2026-07-06
master-0471,Savor Southern Kitchen,Wilmington,Coverage / source row,Other Food Special,,Unclassified,,,,No,,Unknown,Unknown,No,,Secondary lead,,C_strong_lead_needs_official_source,Yes,Secondary lead; official confirmation needed,,savor-southern-kitchen-coverage-source-row,https://www.restaurantji.com/nc/wilmington/,,wilmington_net_new_discovery_pass2
master-0472,Savorez,,Coverage / source row,Other Food Special,,Unclassified,,,,No,,Unknown,Unknown,No,,Missing source,,Unclassified,Yes,Missing source; missing source url,,savorez-coverage-source-row,,,wilmington_net_new_discovery_pass2
master-0473,Savorez,Downtown / Chestnut Street,0,Other Food Special,,Unclassified,,,,No,,Unknown,Unknown,No,tier_1_official,Official source,active,Unclassified,No,,,savorez-0,https://savorez.com/,Official site exposes lunch/dinner/brunch menus; no special/discount/happy-hour signal captured.,wilmington_net_new_discovery_pass1
master-0474,Seabird,,Coverage / source row,Other Food Special,,Unclassified,,,,No,,Unknown,Unknown,No,,Missing source,,Unclassified,Yes,Missing source; missing source url,,seabird-coverage-source-row,,,wilmington_net_new_discovery_pass2
master-0475,Sealevel City Vegan Diner,Wilmington,Coverage / source row,Other Food Special,,Unclassified,,,,No,,Unknown,Unknown,No,,Secondary lead,,C_strong_lead_needs_official_source,Yes,Secondary lead; official confirmation needed,,sealevel-city-vegan-diner-coverage-source-row,https://www.restaurantji.com/nc/wilmington/,,wilmington_net_new_discovery_pass2
master-0476,Shepard Barbecue Catering Co.,Wilmington,Coverage / source row,Other Food Special,,Unclassified,,,,No,,Unknown,Unknown,No,,Secondary lead,,C_strong_lead_needs_official_source,Yes,Secondary lead; official confirmation needed,,shepard-barbecue-catering-co-coverage-source-row,https://www.restaurantji.com/nc/wilmington/,,wilmington_net_new_discovery_pass2
master-0477,Shuckin' Shack Oyster Bar - Wilmington,,Coverage / source row,Other Food Special,,Unclassified,,,,No,,Unknown,Unknown,No,,Missing source,,Unclassified,Yes,Missing source; missing source url,,shuckin-shack-oyster-bar-wilmington-coverage-source-row,,,wilmington_net_new_discovery_pass2
master-0478,Slice of Life Pizzeria & Pub,,Coverage / source row,Other Food Special,,Unclassified,,,,No,,Unknown,Unknown,No,,Missing source,,Unclassified,Yes,Missing source; missing source url,,slice-of-life-pizzeria-pub-coverage-source-row,,,wilmington_net_new_discovery_pass2
master-0479,Smoke on the Water,,Coverage / source row,Other Food Special,,Unclassified,,,,No,,Unknown,Unknown,No,,Source URL present,,Unclassified,Yes,Source URL present,,smoke-on-the-water-coverage-source-row,https://www.smokeonthewaternc.com/,Official menu/events checked; no specials found.,wilmington_net_new_discovery_pass1
master-0480,Smoke on the Water,,Coverage / source row,Other Food Special,,Unclassified,,,,No,,Unknown,Unknown,No,,Missing source,,Unclassified,Yes,Missing source; missing source url,,smoke-on-the-water-coverage-source-row,,,wilmington_net_new_discovery_pass2
master-0481,Smoke on the Water,Riverlights,0,Other Food Special,,Unclassified,,,,No,,Unknown,Unknown,No,tier_1_official,Official source,active,Unclassified,No,,,smoke-on-the-water-0,https://www.smokeonthewaternc.com/,"Official site confirms Riverlights restaurant, menu, events, brunch hours, and location; no specials in checked pages.",wilmington_net_new_discovery_pass1
master-0482,Smokin’ Jimmies Express,Wilmington,Coverage / source row,Other Food Special,,Unclassified,,,,No,,Unknown,Unknown,No,,Secondary lead,,C_strong_lead_needs_official_source,Yes,Secondary lead; official confirmation needed,,smokin-jimmies-express-coverage-source-row,https://www.restaurantji.com/nc/wilmington/,,wilmington_net_new_discovery_pass2
master-0483,South Front Tavern,,Coverage / source row,Other Food Special,,Unclassified,,,,No,,Unknown,Unknown,No,,Missing source,,Unclassified,Yes,Missing source; missing source url,,south-front-tavern-coverage-source-row,,,wilmington_net_new_discovery_pass2
master-0484,Sugo Italian Steakhouse,Wilmington,Coverage / source row,Other Food Special,,Unclassified,,,,No,,Unknown,Unknown,No,,Secondary lead,,C_strong_lead_needs_official_source,Yes,Secondary lead; official confirmation needed,,sugo-italian-steakhouse-coverage-source-row,https://www.restaurantji.com/nc/wilmington/,,wilmington_net_new_discovery_pass2
master-0485,Sugo Italian Steakhouse,Downtown / Riverfront,wine_dinner_event,Other Food Special,wine_dinner_event,Dinner,,,,No,,Unknown,Unknown,No,tier_1_official,Official source,,Unclassified,No,,,sugo-italian-steakhouse-wine-dinner-event,https://sugoitaliansteakhouse.com/,Official website includes a Wine Dinners navigation item and a Wine Dinner Series / Italia in Three Acts signal from prior capture.,wilmington_run_queue_direct_pass3
master-0486,Sugo Italian Steakhouse,,special_event,Other Food Special,special_event,Unclassified,,,,No,,Unknown,Unknown,No,,Source URL present,,Unclassified,Yes,Source URL present,,sugo-italian-steakhouse-special-event,https://sugoitaliansteakhouse.com/,Mixed food/wine event candidate,wilmington_run_queue_direct_pass3
master-0487,Sugo Italian Steakhouse,,Coverage / source row,Other Food Special,,Unclassified,,,,No,,Unknown,Unknown,No,,Missing source,,Unclassified,Yes,Missing source; missing source url,,sugo-italian-steakhouse-coverage-source-row,,Official source not captured by web; no deal signal.,wilmington_high_signal_promotability_pass4
master-0488,Sugo Italian Steakhouse,,Wine Dinner Series / Italia in Three Acts,Other Food Special,special_event,Dinner,,,,No,,Unknown,Unknown,No,tier_1_official,Official source,needs_food_safe_review,Unclassified,No,,,sugo-italian-steakhouse-wine-dinner-series-italia-in-three-acts,https://sugoitaliansteakhouse.com/,Official site has Wine Dinners navigation and wine dinner series signal.,wilmington_run_queue_direct_pass3
master-0489,Tacobaby,,Coverage / source row,Other Food Special,,Unclassified,,,,No,,Unknown,Unknown,No,,Missing source,,Unclassified,Yes,Missing source; missing source url,,tacobaby-coverage-source-row,,,wilmington_net_new_discovery_pass2
master-0490,Tandoori Bites,Wilmington,Coverage / source row,Other Food Special,,Unclassified,,,,No,,Unknown,Unknown,No,,Secondary lead,,C_strong_lead_needs_official_source,Yes,Secondary lead; official confirmation needed,,tandoori-bites-coverage-source-row,https://www.restaurantji.com/nc/wilmington/,,wilmington_net_new_discovery_pass2
master-0491,Tarantelli’s,,Coverage / source row,Other Food Special,,Unclassified,,,,No,,Unknown,Unknown,No,,Missing source,,Unclassified,Yes,Missing source; missing source url,,tarantelli-s-coverage-source-row,,,wilmington_net_new_discovery_pass2
master-0492,Tarantelli's,Downtown / South Second,0,Other Food Special,,Unclassified,,,,No,,Unknown,Unknown,No,tier_1_official,Official source,active,Unclassified,No,,,tarantelli-s-0,https://www.tarantellis.com/,"Official site confirms restaurant, menu/events links, and hours; no special surfaced.",wilmington_net_new_discovery_pass1
master-0493,Tequila Comida & Cantina Waterfront,Downtown / Waterfront,Coverage / source row,Other Food Special,,Unclassified,,,,No,,Unknown,Unknown,No,,Secondary lead,,C_strong_lead_needs_official_source,Yes,Secondary lead; official confirmation needed,,tequila-comida-cantina-waterfront-coverage-source-row,https://www.restaurantji.com/nc/wilmington/,,wilmington_net_new_discovery_pass2
master-0494,The Basics,,Coverage / source row,Other Food Special,,Unclassified,,,,No,,Unknown,Unknown,No,,Missing source,,Unclassified,Yes,Missing source; missing source url,,the-basics-coverage-source-row,,,wilmington_net_new_discovery_pass2
master-0495,The Basics,Downtown / Cotton Exchange,2,Other Food Special,,Unclassified,,,,No,,Unknown,Unknown,No,tier_1_official,Official source,active,Unclassified,No,,,the-basics-2,https://thebasicsilm.com/,Today’s specials and drink specials are embedded on the official site.,wilmington_net_new_discovery_pass1
master-0496,The Bridge Tender,Wrightsville / Wilmington boundary,Coverage / source row,Other Food Special,,Unclassified,,,,No,,Unknown,Unknown,No,,Secondary lead,,C_strong_lead_needs_official_source,Yes,Secondary lead; official confirmation needed,,the-bridge-tender-coverage-source-row,https://www.restaurantji.com/nc/wilmington/,,wilmington_net_new_discovery_pass2
master-0497,The Bridge Tender,Wrightsville / bridge edge,nightly_feature,Other Food Special,nightly_feature,Dinner,,,,No,,Unknown,Unknown,No,tier_1_official,Official source,,C_strong_lead_needs_official_source,Yes,official confirmation needed,,the-bridge-tender-nightly-feature,https://www.thebridgetender.com/,Official site has a Nightly Feature link and Eat & Drink section; click target failed to fetch.,wilmington_run_queue_direct_pass3
master-0498,The Bridge Tender,,Coverage / source row,Other Food Special,,Unclassified,,,,No,,Unknown,Unknown,No,,Missing source,,Unclassified,Yes,Missing source; missing source url,,the-bridge-tender-coverage-source-row,,"Feature page inaccessible to fetch; no exact item, price, or current date.",wilmington_high_signal_promotability_pass4
master-0499,The Cardinal,,Coverage / source row,Other Food Special,,Unclassified,,,,No,,Unknown,Unknown,No,,Missing source,,Unclassified,Yes,Missing source; missing source url,,the-cardinal-coverage-source-row,,,wilmington_net_new_discovery_pass2
master-0500,The Eagles Dare,,Coverage / source row,Other Food Special,,Unclassified,,,,No,,Unknown,Unknown,No,tier_1_official,Official source,,Unclassified,No,,,the-eagles-dare-coverage-source-row,https://www.theeaglesdare.com/,"Official site says Events include music, food, and community all summer long; no recurring food special or price captured.",wilmington_strategic_sweeps_pass9_2026-07-06
master-0501,The Fortunate Glass,Downtown,Coverage / source row,Other Food Special,,Unclassified,,,,No,,Unknown,Unknown,No,,Secondary lead,,C_strong_lead_needs_official_source,Yes,Secondary lead; official confirmation needed,,the-fortunate-glass-coverage-source-row,https://www.restaurantji.com/nc/wilmington/,,wilmington_net_new_discovery_pass2
master-0502,The German Cafe,Downtown / Cotton Exchange,Coverage / source row,Other Food Special,,Unclassified,,,,No,,Unknown,Unknown,No,,Secondary lead,,C_strong_lead_needs_official_source,Yes,Secondary lead; official confirmation needed,,the-german-cafe-coverage-source-row,https://www.restaurantji.com/nc/wilmington/,,wilmington_net_new_discovery_pass2
master-0503,The Getaway Cafe and Provisions,Wilmington,Coverage / source row,Other Food Special,,Unclassified,,,,No,,Unknown,Unknown,No,,Secondary lead,,C_strong_lead_needs_official_source,Yes,Secondary lead; official confirmation needed,,the-getaway-cafe-and-provisions-coverage-source-row,https://www.restaurantji.com/nc/wilmington/,,wilmington_net_new_discovery_pass2
master-0504,The Getaway Cafe and Provisions,,brunch / event,Brunch,brunch / event,Brunch,,,,No,,Unknown,Unknown,No,,Source URL present,,Unclassified,Yes,Source URL present,,the-getaway-cafe-and-provisions-brunch-event,https://thegetawaync.com/,Official site has food and events surfaces,wilmington_run_queue_direct_pass3
master-0505,The Greeks,Wilmington,Coverage / source row,Other Food Special,,Unclassified,,,,No,,Unknown,Unknown,No,,Secondary lead,,C_strong_lead_needs_official_source,Yes,Secondary lead; official confirmation needed,,the-greeks-coverage-source-row,https://www.restaurantji.com/nc/wilmington/,,wilmington_net_new_discovery_pass2
master-0506,The Green House,,Coverage / source row,Other Food Special,,Unclassified,,,,No,,Unknown,Unknown,No,,Missing source,,Unclassified,Yes,Missing source; missing source url,,the-green-house-coverage-source-row,,,wilmington_net_new_discovery_pass2
master-0507,The Green House Restaurant,Military Cutoff,0,Other Food Special,,Unclassified,,,,No,,Unknown,Unknown,No,tier_1_official,Official source,closed,Unclassified,No,,,the-green-house-restaurant-0,https://www.thegreenrestaurant.com/,Official site says the restaurant closed March 2026.,wilmington_net_new_discovery_pass1
master-0508,The Half Downtown,Downtown,Coverage / source row,Other Food Special,,Unclassified,,,,No,,Unknown,Unknown,No,,Secondary lead,,C_strong_lead_needs_official_source,Yes,Secondary lead; official confirmation needed,,the-half-downtown-coverage-source-row,https://www.restaurantji.com/nc/wilmington/,,wilmington_net_new_discovery_pass2
master-0509,The Keg and Egg,Wilmington,Coverage / source row,Other Food Special,,Unclassified,,,,No,,Unknown,Unknown,No,,Secondary lead,,C_strong_lead_needs_official_source,Yes,Secondary lead; official confirmation needed,,the-keg-and-egg-coverage-source-row,https://www.restaurantji.com/nc/wilmington/,,wilmington_net_new_discovery_pass2
master-0510,The Keg and Egg,,breakfast,Breakfast,breakfast,Breakfast,,,,No,,Unknown,Unknown,No,,Secondary lead,,C_strong_lead_needs_official_source,Yes,Secondary lead; official confirmation needed,,the-keg-and-egg-breakfast,https://www.restaurantji.com/nc/wilmington/the-keg-and-egg-/,Breakfast/beer bar candidate lacks offer evidence,wilmington_run_queue_direct_pass3
master-0511,The Kitchen Sink,,Coverage / source row,Other Food Special,,Unclassified,,,,No,,Unknown,Unknown,No,,Source URL present,,Unclassified,Yes,Source URL present,,the-kitchen-sink-coverage-source-row,https://thekitchensinkilm.com/,Daily specials and weekly soups need exact current evidence.,wilmington_net_new_discovery_pass1
master-0512,The Kitchen Sink,,Coverage / source row,Other Food Special,,Unclassified,,,,No,,Unknown,Unknown,No,,Missing source,,Unclassified,Yes,Missing source; missing source url,,the-kitchen-sink-coverage-source-row,,,wilmington_net_new_discovery_pass2
master-0513,The Kitchen Sink,North 4th / Downtown,2,Other Food Special,,Unclassified,,,,No,,Unknown,Unknown,No,tier_1_official,Official source,active,Unclassified,No,,,the-kitchen-sink-2,https://thekitchensinkilm.com/,Official site says daily specials and weekly soups are part of the model.,wilmington_net_new_discovery_pass1
master-0514,The Kitchen Sink,,Daily Specials,Daily / Weekly Specials,daily_food_special,Lunch,Daily / rotating,,,No,dine_in/takeout/delivery,Yes,Yes,No,tier_1_official,Official source,needs_review,Unclassified,No,,,the-kitchen-sink-daily-specials,https://thekitchensinkilm.com/,Need exact current list and prices from menu/order/social.,wilmington_net_new_discovery_pass1
master-0515,The Pilot House,Riverwalk / Ann Street,0,Other Food Special,,Unclassified,,,,No,,Unknown,Unknown,No,tier_1_official,Official source,active,Unclassified,No,,,the-pilot-house-0,https://www.pilothouserest.com/,Official site confirms menus and Crow’s Nest bar but no explicit special in extracted text.,wilmington_net_new_discovery_pass1
master-0516,The Sounder,Wilmington,Coverage / source row,Other Food Special,,Unclassified,,,,No,,Unknown,Unknown,No,,Secondary lead,,C_strong_lead_needs_official_source,Yes,Secondary lead; official confirmation needed,,the-sounder-coverage-source-row,https://www.restaurantji.com/nc/wilmington/,,wilmington_net_new_discovery_pass2
master-0517,The Sounder,Downtown / Riverfront,brunch_events_offer_gap,Brunch,brunch_events_offer_gap,Brunch,,,,No,,Unknown,Unknown,No,tier_1_official,Official source,,Unclassified,No,,,the-sounder-brunch-events-offer-gap,https://www.the-sounder.com/,"Official site has dinner and weekend brunch menus and newsletter language for news, special events, and offers.",wilmington_run_queue_direct_pass3
master-0518,The Sounder,,event_offer,Other Food Special,event_offer,Unclassified,,,,No,,Unknown,Unknown,No,,Source URL present,,Unclassified,Yes,Source URL present,,the-sounder-event-offer,https://www.the-sounder.com/,Official site references special events/offers,wilmington_run_queue_direct_pass3
master-0519,The Timeless Table,Wilmington,Coverage / source row,Other Food Special,,Unclassified,,,,No,,Unknown,Unknown,No,,Secondary lead,,C_strong_lead_needs_official_source,Yes,Secondary lead; official confirmation needed,,the-timeless-table-coverage-source-row,https://www.restaurantji.com/nc/wilmington/,,wilmington_net_new_discovery_pass2
master-0520,Three10,Wilmington,Coverage / source row,Other Food Special,,Unclassified,,,,No,,Unknown,Unknown,No,,Secondary lead,,C_strong_lead_needs_official_source,Yes,Secondary lead; official confirmation needed,,three10-coverage-source-row,https://www.restaurantji.com/nc/wilmington/,,wilmington_net_new_discovery_pass2
master-0521,three10,Brooklyn Arts District,image_menu_source_gap,Other Food Special,image_menu_source_gap,Unclassified,,,,No,,Unknown,Unknown,No,tier_1_official,Official source,,Unclassified,No,,,three10-image-menu-source-gap,https://three10wilmington.com/,Official site has menus as images and confirms dinner Tue-Sat; no text-extracted specials.,wilmington_run_queue_direct_pass3
master-0522,three10,,image_menu_review,Other Food Special,image_menu_review,Unclassified,,,,No,,Unknown,Unknown,No,,Source URL present,,Unclassified,Yes,Source URL present,,three10-image-menu-review,https://three10wilmington.com/,Official site menus are image surfaces,wilmington_run_queue_direct_pass3
master-0523,three10,,Coverage / source row,Other Food Special,,Unclassified,,,,No,,Unknown,Unknown,No,,Missing source,,Unclassified,Yes,Missing source; missing source url,,three10-coverage-source-row,,No deal evidence; menu is image-based and appears regular menu only.,wilmington_high_signal_promotability_pass4
master-0524,three10,,Image-menu review needed,Other Food Special,image_menu_source_gap,Unclassified,,,,No,,Unknown,Unknown,No,tier_1_official,Official source,needs_image_capture,Unclassified,No,,,three10-image-menu-review-needed,https://three10wilmington.com/,Official menus are image surfaces; no text-extracted special.,wilmington_run_queue_direct_pass3
master-0525,Tidewater Oyster Bar,Wilmington,Coverage / source row,Other Food Special,,Unclassified,,,,No,,Unknown,Unknown,No,,Secondary lead,,C_strong_lead_needs_official_source,Yes,Secondary lead; official confirmation needed,,tidewater-oyster-bar-coverage-source-row,https://www.restaurantji.com/nc/wilmington/,,wilmington_net_new_discovery_pass2
master-0526,Tidewater Oyster Bar,,weekly_specials / oyster_special,Seafood / Oysters,weekly_specials / oyster_special,Unclassified,,,,No,,Unknown,Unknown,No,,Source URL present,,Unclassified,Yes,Source URL present,,tidewater-oyster-bar-weekly-specials-oyster-special,https://tidewateroysterbar.com/,Official site references specials without exact terms,wilmington_run_queue_direct_pass3
master-0527,Tortilleria Y Taqueria Carolinas,Wilmington,Coverage / source row,Other Food Special,,Unclassified,,,,No,,Unknown,Unknown,No,,Secondary lead,,C_strong_lead_needs_official_source,Yes,Secondary lead; official confirmation needed,,tortilleria-y-taqueria-carolinas-coverage-source-row,https://www.restaurantji.com/nc/wilmington/,,wilmington_net_new_discovery_pass2
master-0528,True Blue Butcher & Barrel,,Coverage / source row,Other Food Special,,Unclassified,,,,No,,Unknown,Unknown,No,,Missing source,,Unclassified,Yes,Missing source; missing source url,,true-blue-butcher-barrel-coverage-source-row,,,wilmington_net_new_discovery_pass2
master-0529,True Blue Butcher & Table,,Coverage / source row,Other Food Special,,Unclassified,,,,No,,Unknown,Unknown,No,,Missing source,,Unclassified,Yes,Missing source; missing source url,,true-blue-butcher-table-coverage-source-row,,,wilmington_net_new_discovery_pass2
master-0530,Two Guys Grille,Wilmington,Coverage / source row,Other Food Special,,Unclassified,,,,No,,Unknown,Unknown,No,,Secondary lead,,C_strong_lead_needs_official_source,Yes,Secondary lead; official confirmation needed,,two-guys-grille-coverage-source-row,https://www.restaurantji.com/nc/wilmington/,,wilmington_net_new_discovery_pass2
master-0531,Umaii Thai Restaurant,Wilmington,Coverage / source row,Other Food Special,,Unclassified,,,,No,,Unknown,Unknown,No,,Secondary lead,,C_strong_lead_needs_official_source,Yes,Secondary lead; official confirmation needed,,umaii-thai-restaurant-coverage-source-row,https://www.restaurantji.com/nc/wilmington/,,wilmington_net_new_discovery_pass2
master-0532,Vicious Biscuit,Wilmington,Coverage / source row,Other Food Special,,Unclassified,,,,No,,Unknown,Unknown,No,,Secondary lead,,C_strong_lead_needs_official_source,Yes,Secondary lead; official confirmation needed,,vicious-biscuit-coverage-source-row,https://www.restaurantji.com/nc/wilmington/,,wilmington_net_new_discovery_pass2
master-0533,Waterline Brewing Co.,Downtown / South Front edge,Coverage / source row,Other Food Special,,Unclassified,,,,No,,Unknown,Unknown,No,,Secondary lead,,C_strong_lead_needs_official_source,Yes,Secondary lead; official confirmation needed,,waterline-brewing-co-coverage-source-row,https://www.restaurantji.com/nc/wilmington/,,wilmington_net_new_discovery_pass2
master-0534,Waterline Brewing Co.,,event_food_gap,Other Food Special,event_food_gap,Unclassified,,,,No,,Unknown,Unknown,No,,Secondary lead,,C_strong_lead_needs_official_source,Yes,Secondary lead; official confirmation needed,,waterline-brewing-co-event-food-gap,https://www.restaurantji.com/nc/wilmington/waterline-brewing-co-/,Brewery may have event/food-truck surfaces,wilmington_run_queue_direct_pass3
master-0535,Whiskey Trail,,Coverage / source row,Other Food Special,,Unclassified,,,,No,,Unknown,Unknown,No,,Missing source,,Unclassified,Yes,Missing source; missing source url,,whiskey-trail-coverage-source-row,,,wilmington_net_new_discovery_pass2
master-0536,Whiskey Trail,,Yuengs and wings,Wings,weekly_food_special,Dinner,Sunday,,$13.50,No,dine_in_only,Unknown,Unknown,No,tier_1_official,Official source,needs_review,Unclassified,No,,,whiskey-trail-yuengs-and-wings,https://whiskeytrailsportspub.com/wilmington-whiskey-trail-happy-hours-specials/,Keep captured; do not publish alcohol copy.,wilmington_specials_coverage_atlas_v0
master-0537,Wine Knot Sky Bar and Cocktail Lounge,Downtown,Coverage / source row,Other Food Special,,Unclassified,,,,No,,Unknown,Unknown,No,,Secondary lead,,C_strong_lead_needs_official_source,Yes,Secondary lead; official confirmation needed,,wine-knot-sky-bar-and-cocktail-lounge-coverage-source-row,https://www.restaurantji.com/nc/wilmington/,,wilmington_net_new_discovery_pass2
master-0538,Wrightsville Beach Brewery,Wilmington / WB boundary,Coverage / source row,Other Food Special,,Unclassified,,,,No,,Unknown,Unknown,No,,Secondary lead,,C_strong_lead_needs_official_source,Yes,Secondary lead; official confirmation needed,,wrightsville-beach-brewery-coverage-source-row,https://www.restaurantji.com/nc/wilmington/,,wilmington_net_new_discovery_pass2
master-0539,YoSake Downtown Sushi Lounge,,Coverage / source row,Other Food Special,,Unclassified,,,,No,,Unknown,Unknown,No,,Missing source,,Unclassified,Yes,Missing source; missing source url,,yosake-downtown-sushi-lounge-coverage-source-row,,,wilmington_net_new_discovery_pass2
master-0540,Za Pie Pizzeria,,Coverage / source row,Other Food Special,,Unclassified,,,,No,,Unknown,Unknown,No,,Missing source,,Unclassified,Yes,Missing source; missing source url,,za-pie-pizzeria-coverage-source-row,,,wilmington_net_new_discovery_pass2
master-0541,Zocalo Street Food and Tequila,Wilmington,Coverage / source row,Other Food Special,,Unclassified,,,,No,,Unknown,Unknown,No,,Secondary lead,,C_strong_lead_needs_official_source,Yes,Secondary lead; official confirmation needed,,zocalo-street-food-and-tequila-coverage-source-row,https://www.restaurantji.com/nc/wilmington/,,wilmington_net_new_discovery_pass2
master-0542,Zocalo Street Food and Tequila,Barclay Pointe / South Wilmington,no_offer_found_yet,Other Food Special,no_offer_found_yet,Unclassified,,,,No,,Unknown,Unknown,No,tier_1_official,Official source,,Unclassified,No,,,zocalo-street-food-and-tequila-no-offer-found-yet,https://zocalostreetfood.com/,"Official site confirms Wilmington restaurant, menu, ordering, rewards, delivery/takeout, and lunch/dinner service; no explicit special found in captured text.",wilmington_run_queue_direct_pass3
pass10-001,Fire Bowl Asian Cuisine,Wilmington / Asian,Monday-Saturday lunch specials,Lunch Special,lunch_special,Lunch,Mon-Sat,11:00-15:00,$7.75-$8.55,No,,Unknown,Unknown,No,official restaurant lunch page,Official source,source-backed from Forkcast research intake,B_source_backed_needs_capture,Yes,HTTP-only source; needs current screenshot/freshness refresh before promotion; capture/evidence cleanup,Capture current page screenshot and verify prices still match,fire-bowl-asian-cuisine-monday-saturday-lunch-specials,http://www.firebowlwilmington.com/catalog.aspx?cid=1,"Served with fried rice; chicken/veg/beef/lo mein items $7.75, shrimp $7.95, chicken wing lunch $8.55",wilmington_candidate_item_naildown_pass10
pass10-002,The Melting Pot - Wilmington,Wilmington / chain-location,Thursday Thursdate four-course dinner,Date Night / Prix Fixe,event_food_special,Dinner,Thursday,17:00-22:00,$59 per person,No,,Unknown,Unknown,No,official Wilmington events page,Official source,source-backed from Forkcast research intake,B_source_backed_needs_capture,Yes,Minimum purchase of two; chain/location specificity; capture/evidence cleanup,Refresh official events page and capture screenshot,the-melting-pot-wilmington-thursday-thursdate-four-course-dinner,https://www.meltingpot.com/wilmington-nc/melting-pot-events.aspx,Four-course dinner; minimum purchase of two,wilmington_candidate_item_naildown_pass10
pass10-003,The Melting Pot - Wilmington,Wilmington / chain-location,Military Mondays food discount,Other Food Special,restricted_audience_food_discount,Dinner,Monday,17:00-22:00,Up to 25% off food,No,,Unknown,Unknown,No,official Wilmington events page,Official source,source-backed from Forkcast research intake,B_source_backed_needs_capture,Yes,Restricted audience; up-to discount; cannot combine; capture/evidence cleanup,Refresh official events page and keep restricted-audience copy explicit,the-melting-pot-wilmington-military-mondays-food-discount,https://www.meltingpot.com/wilmington-nc/melting-pot-events.aspx,Active/reserve/retired military; food-only discount,wilmington_candidate_item_naildown_pass10
pass10-004,Lucky Star - Oleander Dr,Oleander / Asian,Daily lunch specials,Lunch Special,lunch_special,Lunch,Daily,11:00-15:00,$8.99,No,,Unknown,Unknown,No,restaurant-branded ordering/menu page,Partner/order source,source-backed from Forkcast research intake,A_promotable_after_review,Yes,Ordering page accepted; dine-in not advertised,Capture current ordering menu and local proof,lucky-star-oleander-dr-daily-lunch-specials,https://www.luckystar-nc.com/menu,Served with roast pork fried rice; pickup/delivery context,wilmington_candidate_item_naildown_pass10
pass10-005,Ming Wok - Carolina Beach Rd,South Wilmington / Asian,Chinese entree lunch specials,Lunch Special,lunch_special,Lunch,Mon-Sat,11:00-15:00,$9.89+,No,,Unknown,Unknown,No,restaurant-branded ordering/menu page,Partner/order source,source-backed from Forkcast research intake,A_promotable_after_review,Yes,Ordering page accepted; Sunday not included,Capture current ordering menu and local proof,ming-wok-carolina-beach-rd-chinese-entree-lunch-specials,https://order.mingwoknc.com/menu,Free can soda plus white/fried rice; chicken/pork starts $9.89,wilmington_candidate_item_naildown_pass10
pass10-006,Katy's Grill & Bar,College Rd / UNCW,Monday Philly cheesesteak,Sandwiches / Hotdogs,sandwich_special,Unclassified,Monday,,$10.99,No,,Unknown,Unknown,No,official weekly specials page,Official source,source-backed from Forkcast research intake,A_promotable_after_review,Yes,Exact time window missing; service-mode needs refresh,Capture current weekly specials page and verify lunch/dinner framing,katy-s-grill-bar-monday-philly-cheesesteak,https://katysbarandgrill.com/weekly-specials/,Lunch/dinner section lists Monday Philly cheesesteak,wilmington_candidate_item_naildown_pass10
pass10-007,Katy's Grill & Bar,College Rd / UNCW,Wednesday half-price chicken sandwiches,Sandwiches / Hotdogs,sandwich_special,Unclassified,Wednesday,,50% off,No,,Unknown,Unknown,No,official weekly specials page,Official source,source-backed from Forkcast research intake,A_promotable_after_review,Yes,Base price and exact time missing,Capture current weekly specials page and verify base item restrictions,katy-s-grill-bar-wednesday-half-price-chicken-sandwiches,https://katysbarandgrill.com/weekly-specials/,Food-only copy; time missing warning needed,wilmington_candidate_item_naildown_pass10
pass10-008,Katy's Grill & Bar,College Rd / UNCW,Thursday 6 wings with fries,Wings,wing_special,Unclassified,Thursday,,$9.99,No,,Unknown,Unknown,No,official weekly specials page,Official source,source-backed from Forkcast research intake,A_promotable_after_review,Yes,Exact time window missing,Capture current weekly specials page,katy-s-grill-bar-thursday-6-wings-with-fries,https://katysbarandgrill.com/weekly-specials/,Lunch/dinner section,wilmington_candidate_item_naildown_pass10
pass10-009,Katy's Grill & Bar,College Rd / UNCW,Friday 2 hotdogs with fries,Sandwiches / Hotdogs,other_food_special,Unclassified,Friday,,$8.99,No,,Unknown,Unknown,No,official weekly specials page,Official source,source-backed from Forkcast research intake,A_promotable_after_review,Yes,Exact time window missing,Capture current weekly specials page,katy-s-grill-bar-friday-2-hotdogs-with-fries,https://katysbarandgrill.com/weekly-specials/,Lunch/dinner section,wilmington_candidate_item_naildown_pass10
pass10-010,Coquina Fishbar,Mayfaire,$14 daily lunch specials,Lunch Special,lunch_special,Lunch,Tue-Fri,11:00-16:00,$14,No,,Unknown,Unknown,No,official daily lunch specials page,Official source,source-backed from Forkcast research intake,A_promotable_after_review,Yes,Broad lunch row; takeout/delivery not advertised,Capture current daily lunch specials page and item list,coquina-fishbar-14-daily-lunch-specials,https://coquinafishbar.com/daily-lunch-specials/,"Includes fountain beverage; source listed Tue tacos, Wed Cuban, Thu Po'quina Boy, Fri burger options",wilmington_candidate_item_naildown_pass10
pass10-011,South Front Tavern,South Front,Mon-Fri $5 Happy Hour Bar Bites,Happy Hour Food,appetizer_special,Happy Hour,Mon-Fri,16:00-18:00,$5,Yes,,Unknown,Unknown,No,official website,Official source,source-backed from Forkcast research intake,A_promotable_after_review,Yes,Venue area restriction: bar/outside high tops,Capture current homepage/specials section and list items if visible,south-front-tavern-mon-fri-5-happy-hour-bar-bites,https://www.southfronttavern.com/,Food-bearing happy hour; supersedes Friday-only bar-bites framing,wilmington_candidate_item_naildown_pass10
pass10-012,Caprice Bistro,Downtown,Wednesday $15 fromage and charcuterie board,Other Food Special,charcuterie_special,Unclassified,Wednesday,,$15,No,,Unknown,Unknown,No,official weekly specials page,Official source,source-backed from Forkcast research intake,E_suppressed_or_drink_only,Yes,Wine copy must stay suppressed,Capture current weekly specials page,caprice-bistro-wednesday-15-fromage-and-charcuterie-board,https://www.capricebistro.com/weekly-specials,Date Night a Deux food board row,wilmington_candidate_item_naildown_pass10
pass10-013,K38 Porters Neck,Porters Neck,Monday $5 food items,Other Food Special,other_food_special,Dinner,Monday,Starts 17:00,$5,No,,Unknown,Unknown,No,official location page,Official source,source-backed from Forkcast research intake,E_suppressed_or_drink_only,Yes,Dine-in only; exact end time not listed; alcohol copy suppressed,Capture current location page,k38-porters-neck-monday-5-food-items,https://k38bajagrill.com/locations/porters-neck/,"Baja fish tacos, queso, guac, elote, Poor Surfer, chicken elote rolls",wilmington_candidate_item_naildown_pass10
pass10-014,K38 Porters Neck,Porters Neck,Wednesday half-off De La Casa quesadilla,Mexican / Tacos,other_food_special,Dinner,Wednesday,Starts 17:00,50% off,No,,Unknown,Unknown,No,official location page,Official source,source-backed from Forkcast research intake,A_promotable_after_review,Yes,Dine-in only; base price/end time not listed,Capture current location page,k38-porters-neck-wednesday-half-off-de-la-casa-quesadilla,https://k38bajagrill.com/locations/porters-neck/,Food-only quesadilla discount,wilmington_candidate_item_naildown_pass10
pass10-015,K38 Forum,Mayfaire / Forum,Monday $5 food items,Other Food Special,other_food_special,Dinner,Monday,Starts 17:00,$5,No,,Unknown,Unknown,No,official location page,Official source,source-backed from Forkcast research intake,E_suppressed_or_drink_only,Yes,Dine-in only; exact end time not listed; alcohol copy suppressed,Capture current location page,k38-forum-monday-5-food-items,https://k38bajagrill.com/locations/forum/,"Same K38 food-special family, location-specific",wilmington_candidate_item_naildown_pass10
pass10-016,K38 Forum,Mayfaire / Forum,Wednesday half-off De La Casa quesadilla,Mexican / Tacos,other_food_special,Dinner,Wednesday,Starts 17:00,50% off,No,,Unknown,Unknown,No,official location page,Official source,source-backed from Forkcast research intake,A_promotable_after_review,Yes,Dine-in only; base price/end time not listed,Capture current location page,k38-forum-wednesday-half-off-de-la-casa-quesadilla,https://k38bajagrill.com/locations/forum/,Food-only quesadilla discount,wilmington_candidate_item_naildown_pass10
pass10-017,Might As Well Bar & Grill,Wilmington / College,Monday $5 appetizer menu,Other Food Special,appetizer_special,Unclassified,Monday,,$5,No,,Unknown,Unknown,No,official Wilmington specials/page,Official source,source-backed from prior sweep,B_source_backed_needs_capture,Yes,Possible time/recurrence conflicts; needs exact capture; capture/evidence cleanup,Capture specials page and normalize each row separately,might-as-well-bar-grill-monday-5-appetizer-menu,https://wilmington.mightaswellbarandgrill.com/,Useful sports-bar appetizer lane,wilmington_candidate_item_naildown_pass10
pass10-018,Might As Well Bar & Grill,Wilmington / College,Tuesday $1 cheese quesadilla,Mexican / Tacos,taco_mexican_special,Unclassified,Tuesday,,$1,No,,Unknown,Unknown,No,official Wilmington specials/page,Official source,source-backed from prior sweep,B_source_backed_needs_capture,Yes,Time/eligibility unknown; capture/evidence cleanup,Capture specials page and verify row terms,might-as-well-bar-grill-tuesday-1-cheese-quesadilla,https://wilmington.mightaswellbarandgrill.com/,High-value item; needs exact restrictions,wilmington_candidate_item_naildown_pass10
pass10-019,Might As Well Bar & Grill,Wilmington / College,Thursday $5.99 cheeseburgers,Burgers,burger_special,Unclassified,Thursday,,$5.99,No,,Unknown,Unknown,No,official Wilmington specials/page,Official source,source-backed from prior sweep,B_source_backed_needs_capture,Yes,Time/eligibility unknown; capture/evidence cleanup,Capture specials page and verify row terms,might-as-well-bar-grill-thursday-5-99-cheeseburgers,https://wilmington.mightaswellbarandgrill.com/,,wilmington_candidate_item_naildown_pass10
pass10-020,Might As Well Bar & Grill,Wilmington / College,Friday 99-cent wings,Wings,wing_special,Unclassified,Friday,,$0.99 each,No,,Unknown,Unknown,No,official Wilmington specials/page,Official source,source-backed from prior sweep,B_source_backed_needs_capture,Yes,Wing count/min/order terms unknown; capture/evidence cleanup,Capture specials page and verify row terms,might-as-well-bar-grill-friday-99-cent-wings,https://wilmington.mightaswellbarandgrill.com/,,wilmington_candidate_item_naildown_pass10
pass10-021,Hibachi To Go,Market St / Wilmington,Daily Lunch Specials,Lunch Special,hibachi_lunch_special,Lunch,Mon-Sat,,$8.99,No,,Unknown,Unknown,No,official website,Official source,source-backed from prior sweep,B_source_backed_needs_capture,Yes,Daily item rotates; official social needed for today's selection; capture/evidence cleanup,Capture official site plus same-day Facebook/Instagram lunch item,hibachi-to-go-daily-lunch-specials,https://www.hibachitogo.com/,Strong hibachi lane,wilmington_candidate_item_naildown_pass10
pass10-022,City Barbeque,Monkey Junction / Carolina Beach Rd,Rib Bone Tuesday,BBQ / Ribs,bbq_weekly_special,Unclassified,Tuesday,All day,Discounted rib bones,No,,Unknown,Unknown,No,official brand menu/specials + local location needs capture,Official source,source-backed brand lead from prior sweep,C_strong_lead_needs_official_source,Yes,Local price/participating location needs official capture; official confirmation needed,Open Wilmington local ordering/promos and screenshot,city-barbeque-rib-bone-tuesday,https://www.citybbq.com/,"Chain official path, local capture needed",wilmington_candidate_item_naildown_pass10
pass10-023,San Felipe Mexican Restaurant,Greater area / Leland-Southport,Lunch feature-menu items,Lunch Special,lunch_special,Lunch,Daily/weekday unclear,11:00-15:00,$8.99-$10.99,No,,Unknown,Unknown,No,official feature-menu PDF,Official source,source-backed from prior sweep,B_source_backed_needs_capture,Yes,Greater-area scope; exact location applicability needs review; capture/evidence cleanup,Capture PDF screenshot and decide lane eligibility,san-felipe-mexican-restaurant-lunch-feature-menu-items,https://www.sanfelipenc.com/s/25yrs-Feature-Menu-Web.pdf,"Speedy Gonzalez, L-Burro Roqueta, Special Quesadilla",wilmington_candidate_item_naildown_pass10
pass10-024,South Beach Grill,Wrightsville Beach,Chef's Chalkboard Specials,Daily / Weekly Specials,rotating_specials,Unclassified,Rotating,,,No,,Unknown,Unknown,No,official homepage/chalkboard lead,Official source,source-backed blocker from prior sweep,C_strong_lead_needs_official_source,Yes,Chalkboard PDF/image failed to fetch; exact items not captured; official confirmation needed,Manual/browser PDF capture,south-beach-grill-chef-s-chalkboard-specials,https://www.southbeachgrillwb.com/,Do not publish until exact chalkboard items/price captured,wilmington_candidate_item_naildown_pass10
pass10-025,SeaWitch Tiki Bar,Carolina Beach,Rotating dinner specials,Daily / Weekly Specials,rotating_dinner_specials,Dinner,Rotating,,,No,,Unknown,Unknown,No,official event/copy lead,Official source,source-backed lead from prior sweep,E_suppressed_or_drink_only,Yes,Standing specials mostly drink-only; exact food terms not captured,Manual/social/direct confirmation for dinner specials,seawitch-tiki-bar-rotating-dinner-specials,https://seawitchtikibar.com/,Suppress drink-only rows,wilmington_candidate_item_naildown_pass10
pass10-026,JohnnyLukes KitchenBar,Wilmington / North,Happy-hour food signal,Happy Hour Food,happy_hour_food_lead,Unclassified,Unclear,,,Yes,,Unknown,Unknown,No,official site + secondary happy-hour signal,Secondary lead,secondary lead; official terms not captured,C_strong_lead_needs_official_source,Yes,Exact happy-hour food terms not captured; Secondary lead; official confirmation needed,Manual official/social capture,johnnylukes-kitchenbar-happy-hour-food-signal,https://www.johnnylukeskb.com/,Keep as high-priority happy-hour lane,wilmington_candidate_item_naildown_pass10
pass10-027,Carolina Ale House,Wilmington,Daily lunch / happy-hour food lead,Happy Hour Food,lunch_or_happy_hour_lead,Lunch,Unclear,,,Yes,,Unknown,Unknown,No,official location/promotions surface + secondary signal,Secondary lead,official location confirmed; exact terms not captured,C_strong_lead_needs_official_source,Yes,Exact Wilmington promo/lunch terms did not render; Secondary lead; official confirmation needed,Browser/order capture,carolina-ale-house-daily-lunch-happy-hour-food-lead,https://www.carolinaalehouse.com/locations/wilmington-nc,Sports-bar lane,wilmington_candidate_item_naildown_pass10
pass10-028,Red Lobster - Wilmington,Wilmington / chain,$2 off select starters happy hour,Happy Hour Food,happy_hour_food_lead,Lunch / Happy Hour,Mon-Fri,15:00-18:00,$2 off select starters,Yes,,Unknown,Unknown,No,official brand/local location needs capture; news corroborated,Official source,"secondary/news lead, local participation needs official capture",E_suppressed_or_drink_only,Yes,Need official Wilmington page and current participating terms,Capture Red Lobster official happy hour/location page,red-lobster-wilmington-2-off-select-starters-happy-hour,https://www.redlobster.com/,Food component: discounted starters; suppress drink copy,wilmington_candidate_item_naildown_pass10
